OTU_ID,Kingdom,Phylum,Class,Order,Family,Genus,Species
OTU_1645,k__Fungi,p__Ascomycota,c__Sordariomycetes,o__Branch06,f__,g__,s__
OTU_1311,k__Fungi,p__Ascomycota,c__,o__,f__,g__,s__
OTU_978,k__Fungi,p__Ascomycota,c__Eurotiomycetes,o__Eurotiales,f__Aspergillaceae,g__Penicillium,s__Penicillium_dodgei
OTU_11,k__Fungi,p__Ascomycota,c__Saccharomycetes,o__Saccharomycetales,f__Saccharomycetales_fam_Incertae_sedis,g__,s__
OTU_947,k__Fungi,p__Ascomycota,c__Dothideomycetes,o__Jahnulales,f__,g__,s__
OTU_1006,k__Fungi,p__Ascomycota,c__Dothideomycetes,o__Valsariales,f__Valsariaceae,g__Valsaria,s__Valsaria_insitiva
OTU_275,k__Fungi,p__Chytridiomycota,c__,o__,f__,g__,s__
OTU_468,k__Fungi,p__Chytridiomycota,c__Chytridiomycetes,o__,f__,g__,s__
OTU_1714,k__Fungi,p__,c__,o__,f__,g__,s__
OTU_536,k__Fungi,p__Chytridiomycota,c__Chytridiomycetes,o__,f__,g__,s__
OTU_367,k__Fungi,p__Ascomycota,c__Lecanoromycetes,o__Ostropales,f__Ostropales_fam_Incertae_sedis,g__Mulderomyces,s__Mulderomyces_natalis
OTU_20,k__Fungi,p__Ascomycota,c__Leotiomycetes,o__Leotiomycetes_ord_Incertae_sedis,f__Pseudeurotiaceae,g__Geomyces,s__Geomyces_auratus
OTU_1648,k__Fungi,p__Ascomycota,c__Leotiomycetes,o__Leotiomycetes_ord_Incertae_sedis,f__Pseudeurotiaceae,g__Geomyces,s__Geomyces_auratus
OTU_231,k__Fungi,p__Ascomycota,c__,o__,f__,g__,s__
OTU_797,k__Fungi,p__Ascomycota,c__Leotiomycetes,o__Helotiales,f__Dermateaceae,g__,s__
OTU_92,k__Fungi,p__Ascomycota,c__Orbiliomycetes,o__GS33,f__,g__,s__
OTU_722,k__Fungi,p__Ascomycota,c__Orbiliomycetes,o__GS33,f__,g__,s__
OTU_359,k__Fungi,p__Ascomycota,c__Leotiomycetes,o__Helotiales,f__Hyaloscyphaceae,g__Lachnum,s__Lachnum_pygmaeum
OTU_481,k__Fungi,p__Ascomycota,c__Leotiomycetes,o__Helotiales,f__Hyaloscyphaceae,g__Lachnum,s__Lachnum_controversum
OTU_540,k__Fungi,p__Ascomycota,c__Leotiomycetes,o__Helotiales,f__Hyaloscyphaceae,g__,s__
OTU_229,k__Fungi,p__Ascomycota,c__Leotiomycetes,o__Helotiales,f__Loramycetaceae,g__Loramyces,s__Loramyces_macrosporus
OTU_219,k__Fungi,p__Ascomycota,c__Leotiomycetes,o__Helotiales,f__,g__,s__
OTU_1518,k__Fungi,p__Ascomycota,c__Sordariomycetes,o__,f__,g__,s__
OTU_1503,k__Fungi,p__Kickxellomycota,c__Barbatosporomycetes,o__Barbatosporales,f__Barbatosporaceae,g__Barbatospora,s__Barbatospora_ambicaudata
OTU_1283,k__Fungi,p__Ascomycota,c__Leotiomycetes,o__Helotiales,f__Myxotrichaceae,g__,s__
OTU_1523,k__Fungi,p__Ascomycota,c__Leotiomycetes,o__Helotiales,f__Myxotrichaceae,g__Oidiodendron,s__Oidiodendron_maius
OTU_416,k__Fungi,p__Ascomycota,c__Eurotiomycetes,o__Chaetothyriales,f__,g__,s__
OTU_791,k__Fungi,p__Ascomycota,c__Eurotiomycetes,o__Chaetothyriales,f__Herpotrichiellaceae,g__,s__
OTU_86,k__Fungi,p__Ascomycota,c__Eurotiomycetes,o__Chaetothyriales,f__Herpotrichiellaceae,g__,s__
OTU_463,k__Fungi,p__Ascomycota,c__Eurotiomycetes,o__Chaetothyriales,f__,g__,s__
OTU_398,k__Fungi,p__Ascomycota,c__Eurotiomycetes,o__Chaetothyriales,f__Herpotrichiellaceae,g__,s__
OTU_217,k__Fungi,p__Ascomycota,c__Eurotiomycetes,o__Chaetothyriales,f__Herpotrichiellaceae,g__,s__
OTU_469,k__Fungi,p__Ascomycota,c__Eurotiomycetes,o__Chaetothyriales,f__Herpotrichiellaceae,g__,s__
OTU_1436,k__Fungi,p__Ascomycota,c__Eurotiomycetes,o__Chaetothyriales,f__Herpotrichiellaceae,g__,s__
OTU_141,k__Fungi,p__Ascomycota,c__Eurotiomycetes,o__Chaetothyriales,f__Herpotrichiellaceae,g__,s__
OTU_102,k__Fungi,p__Ascomycota,c__Eurotiomycetes,o__Chaetothyriales,f__Herpotrichiellaceae,g__,s__
OTU_193,k__Fungi,p__Ascomycota,c__Eurotiomycetes,o__Chaetothyriales,f__Herpotrichiellaceae,g__,s__
OTU_795,k__Fungi,p__Ascomycota,c__Eurotiomycetes,o__Chaetothyriales,f__Herpotrichiellaceae,g__,s__
OTU_164,k__Fungi,p__Ascomycota,c__Eurotiomycetes,o__Chaetothyriales,f__Herpotrichiellaceae,g__,s__
OTU_139,k__Fungi,p__Ascomycota,c__Eurotiomycetes,o__Chaetothyriales,f__Herpotrichiellaceae,g__,s__
OTU_345,k__Fungi,p__Ascomycota,c__Eurotiomycetes,o__Chaetothyriales,f__Herpotrichiellaceae,g__,s__
OTU_195,k__Fungi,p__Ascomycota,c__Eurotiomycetes,o__Chaetothyriales,f__Herpotrichiellaceae,g__,s__
OTU_562,k__Fungi,p__Ascomycota,c__Eurotiomycetes,o__Chaetothyriales,f__Herpotrichiellaceae,g__,s__
OTU_183,k__Fungi,p__Ascomycota,c__Eurotiomycetes,o__,f__,g__,s__
OTU_105,k__Fungi,p__Ascomycota,c__Eurotiomycetes,o__,f__,g__,s__
OTU_1440,k__Fungi,p__Ascomycota,c__Eurotiomycetes,o__,f__,g__,s__
OTU_103,k__Fungi,p__Ascomycota,c__Eurotiomycetes,o__,f__,g__,s__
OTU_992,k__Fungi,p__Ascomycota,c__Eurotiomycetes,o__,f__,g__,s__
OTU_228,k__Fungi,p__Ascomycota,c__Eurotiomycetes,o__,f__,g__,s__
OTU_316,k__Fungi,p__Ascomycota,c__Eurotiomycetes,o__,f__,g__,s__
OTU_376,k__Fungi,p__Ascomycota,c__Eurotiomycetes,o__,f__,g__,s__
OTU_279,k__Fungi,p__Ascomycota,c__Eurotiomycetes,o__Chaetothyriales,f__,g__,s__
OTU_208,k__Fungi,p__Ascomycota,c__Eurotiomycetes,o__Chaetothyriales,f__,g__,s__
OTU_114,k__Fungi,p__Ascomycota,c__Eurotiomycetes,o__Chaetothyriales,f__,g__,s__
OTU_244,k__Fungi,p__Ascomycota,c__Eurotiomycetes,o__Chaetothyriales,f__,g__,s__
OTU_1535,k__Fungi,p__Ascomycota,c__Eurotiomycetes,o__Chaetothyriales,f__,g__,s__
OTU_1381,k__Fungi,p__Ascomycota,c__Eurotiomycetes,o__Chaetothyriales,f__Herpotrichiellaceae,g__,s__
OTU_182,k__Fungi,p__Ascomycota,c__Eurotiomycetes,o__Chaetothyriales,f__Herpotrichiellaceae,g__,s__
OTU_115,k__Fungi,p__Ascomycota,c__Eurotiomycetes,o__Chaetothyriales,f__Herpotrichiellaceae,g__,s__
OTU_256,k__Fungi,p__Ascomycota,c__Eurotiomycetes,o__Chaetothyriales,f__Herpotrichiellaceae,g__,s__
OTU_302,k__Fungi,p__Ascomycota,c__Eurotiomycetes,o__Chaetothyriales,f__Herpotrichiellaceae,g__,s__
OTU_561,k__Fungi,p__Ascomycota,c__Eurotiomycetes,o__Chaetothyriales,f__Herpotrichiellaceae,g__,s__
OTU_1475,k__Fungi,p__Ascomycota,c__Eurotiomycetes,o__Chaetothyriales,f__Herpotrichiellaceae,g__,s__
OTU_445,k__Fungi,p__Ascomycota,c__Eurotiomycetes,o__Chaetothyriales,f__,g__,s__
OTU_605,k__Fungi,p__Ascomycota,c__Eurotiomycetes,o__Chaetothyriales,f__,g__,s__
OTU_366,k__Fungi,p__,c__,o__,f__,g__,s__
OTU_342,k__Fungi,p__Ascomycota,c__Leotiomycetes,o__Helotiales,f__Dermateaceae,g__,s__
OTU_553,k__Fungi,p__Ascomycota,c__Leotiomycetes,o__Helotiales,f__,g__,s__
OTU_453,k__Fungi,p__Ascomycota,c__Leotiomycetes,o__Helotiales,f__,g__,s__
OTU_1243,k__Fungi,p__Ascomycota,c__Leotiomycetes,o__Helotiales,f__Helotiaceae,g__,s__
OTU_200,k__Fungi,p__Ascomycota,c__,o__,f__,g__,s__
OTU_181,k__Fungi,p__Ascomycota,c__Leotiomycetes,o__Helotiales,f__Hyaloscyphaceae,g__Microscypha,s__
OTU_172,k__Fungi,p__Ascomycota,c__,o__,f__,g__,s__
OTU_64,k__Fungi,p__Ascomycota,c__Leotiomycetes,o__Helotiales,f__,g__,s__
OTU_902,k__Fungi,p__Ascomycota,c__Leotiomycetes,o__,f__,g__,s__
OTU_1101,k__Fungi,p__Ascomycota,c__Leotiomycetes,o__,f__,g__,s__
OTU_1367,k__Fungi,p__Ascomycota,c__Sordariomycetes,o__Hypocreales,f__Hypocreales_fam_Incertae_sedis,g__Ciliciopodium,s__Ciliciopodium_brevipes
OTU_220,k__Fungi,p__Ascomycota,c__Leotiomycetes,o__Helotiales,f__,g__,s__
OTU_50,k__Fungi,p__Ascomycota,c__Leotiomycetes,o__Helotiales,f__,g__,s__
OTU_199,k__Fungi,p__Ascomycota,c__Leotiomycetes,o__Helotiales,f__,g__,s__
OTU_24,k__Fungi,p__Ascomycota,c__Leotiomycetes,o__,f__,g__,s__
OTU_1417,k__Fungi,p__Ascomycota,c__Leotiomycetes,o__,f__,g__,s__
OTU_743,k__Fungi,p__Ascomycota,c__Leotiomycetes,o__Helotiales,f__,g__,s__
OTU_1575,k__Fungi,p__Ascomycota,c__Leotiomycetes,o__Leotiomycetes_ord_Incertae_sedis,f__Pseudeurotiaceae,g__Geomyces,s__Geomyces_auratus
OTU_1476,k__Fungi,p__Ascomycota,c__Ascomycota_cls_Incertae_sedis,o__Ascomycota_ord_Incertae_sedis,f__Ascomycota_fam_Incertae_sedis,g__Pseudoclathrosphaerina,s__
OTU_543,k__Fungi,p__Ascomycota,c__Leotiomycetes,o__Helotiales,f__,g__,s__
OTU_315,k__Fungi,p__Ascomycota,c__Leotiomycetes,o__Helotiales,f__,g__,s__
OTU_459,k__Fungi,p__Ascomycota,c__Leotiomycetes,o__Helotiales,f__Dermateaceae,g__Calloria,s__Calloria_urticae
OTU_1317,k__Fungi,p__Ascomycota,c__Leotiomycetes,o__Helotiales,f__,g__,s__
OTU_177,k__Fungi,p__Ascomycota,c__Leotiomycetes,o__Helotiales,f__Helotiaceae,g__Meliniomyces,s__Meliniomyces_bicolor
OTU_291,k__Fungi,p__Ascomycota,c__Ascomycota_cls_Incertae_sedis,o__Ascomycota_ord_Incertae_sedis,f__Ascomycota_fam_Incertae_sedis,g__Pseudoclathrosphaerina,s__
OTU_388,k__Fungi,p__Ascomycota,c__Leotiomycetes,o__Helotiales,f__Dermateaceae,g__Trimmatostroma,s__Trimmatostroma_salicis
OTU_215,k__Fungi,p__Ascomycota,c__Leotiomycetes,o__Helotiales,f__Helotiales_fam_Incertae_sedis,g__Rhexocercosporidium,s__Rhexocercosporidium_panacis
OTU_1206,k__Fungi,p__Ascomycota,c__Leotiomycetes,o__Helotiales,f__Dermateaceae,g__Oculimacula,s__Oculimacula_yallundae
OTU_1460,k__Fungi,p__Ascomycota,c__Leotiomycetes,o__,f__,g__,s__
OTU_1473,k__Fungi,p__Ascomycota,c__Leotiomycetes,o__Helotiales,f__Helotiales_fam_Incertae_sedis,g__Phialocephala,s__Phialocephala_virens
OTU_544,k__Fungi,p__Ascomycota,c__Leotiomycetes,o__,f__,g__,s__
OTU_776,k__Fungi,p__Ascomycota,c__Leotiomycetes,o__,f__,g__,s__
OTU_384,k__Fungi,p__Ascomycota,c__Leotiomycetes,o__Helotiales,f__,g__,s__
OTU_669,k__Fungi,p__Ascomycota,c__Leotiomycetes,o__Helotiales,f__,g__,s__
OTU_132,k__Fungi,p__Ascomycota,c__Leotiomycetes,o__Helotiales,f__,g__,s__
OTU_399,k__Fungi,p__Ascomycota,c__Leotiomycetes,o__Helotiales,f__,g__,s__
OTU_991,k__Fungi,p__Ascomycota,c__Leotiomycetes,o__,f__,g__,s__
OTU_537,k__Fungi,p__Ascomycota,c__Leotiomycetes,o__Helotiales,f__,g__,s__
OTU_582,k__Fungi,p__,c__,o__,f__,g__,s__
OTU_1472,k__Fungi,p__Glomeromycota,c__Paraglomeromycetes,o__Paraglomerales,f__Paraglomeraceae,g__Paraglomus,s__Paraglomus_brasilianum
OTU_440,k__Fungi,p__Glomeromycota,c__Paraglomeromycetes,o__Paraglomerales,f__,g__,s__
OTU_1531,k__Fungi,p__Glomeromycota,c__Paraglomeromycetes,o__Paraglomerales,f__,g__,s__
OTU_1222,k__Fungi,p__Glomeromycota,c__Paraglomeromycetes,o__Paraglomerales,f__,g__,s__
OTU_787,k__Fungi,p__Ascomycota,c__,o__,f__,g__,s__
OTU_207,k__Fungi,p__Ascomycota,c__Xylonomycetes,o__Xylonomycetales,f__Xylonomycetales_fam_Incertae_sedis,g__Symbiotaphrina,s__Symbiotaphrina_buchneri
OTU_124,k__Fungi,p__Ascomycota,c__Xylonomycetes,o__Xylonomycetales,f__Xylonomycetales_fam_Incertae_sedis,g__Symbiotaphrina,s__Symbiotaphrina_buchneri
OTU_95,k__Fungi,p__Ascomycota,c__Geoglossomycetes,o__Geoglossales,f__Geoglossaceae,g__Trichoglossum,s__Trichoglossum_walteri
OTU_868,k__Fungi,p__Ascomycota,c__Geoglossomycetes,o__Geoglossales,f__,g__,s__
OTU_355,k__Fungi,p__Ascomycota,c__Geoglossomycetes,o__Geoglossales,f__Geoglossaceae,g__Glutinoglossum,s__Glutinoglossum_glutinosum
OTU_1514,k__Fungi,p__Ascomycota,c__Geoglossomycetes,o__Geoglossales,f__Geoglossaceae,g__Trichoglossum,s__Trichoglossum_durandii
OTU_22,k__Fungi,p__Ascomycota,c__Geoglossomycetes,o__Geoglossales,f__Geoglossaceae,g__Trichoglossum,s__Trichoglossum_durandii
OTU_1661,k__Fungi,p__Ascomycota,c__Geoglossomycetes,o__Geoglossales,f__Geoglossaceae,g__Trichoglossum,s__Trichoglossum_durandii
OTU_16,k__Fungi,p__Ascomycota,c__Geoglossomycetes,o__Geoglossales,f__Geoglossaceae,g__Trichoglossum,s__Trichoglossum_octopartitum
OTU_1131,k__Fungi,p__Basidiomycota,c__Agaricomycetes,o__Agaricales,f__Inocybaceae,g__Inocybe,s__Inocybe_malenconii
OTU_828,k__Fungi,p__Ascomycota,c__Geoglossomycetes,o__Geoglossales,f__Geoglossaceae,g__Trichoglossum,s__Trichoglossum_durandii
OTU_347,k__Fungi,p__Ascomycota,c__Geoglossomycetes,o__Geoglossales,f__Geoglossaceae,g__Trichoglossum,s__Trichoglossum_octopartitum
OTU_673,k__Fungi,p__Ascomycota,c__Leotiomycetes,o__Rhytismatales,f__Rhytismataceae,g__Hypoderma,s__Hypoderma_minteri
OTU_1542,k__Fungi,p__Ascomycota,c__Leotiomycetes,o__,f__,g__,s__
OTU_1424,k__Fungi,p__Ascomycota,c__Leotiomycetes,o__Helotiales,f__,g__,s__
OTU_1712,k__Fungi,p__Ascomycota,c__Leotiomycetes,o__,f__,g__,s__
OTU_498,k__Fungi,p__Ascomycota,c__Leotiomycetes,o__Helotiales,f__,g__,s__
OTU_695,k__Fungi,p__Ascomycota,c__Leotiomycetes,o__Helotiales,f__,g__,s__
OTU_649,k__Fungi,p__Ascomycota,c__Leotiomycetes,o__Helotiales,f__,g__,s__
OTU_638,k__Fungi,p__Ascomycota,c__,o__,f__,g__,s__
OTU_1487,k__Fungi,p__Ascomycota,c__Leotiomycetes,o__Helotiales,f__,g__,s__
OTU_346,k__Fungi,p__,c__,o__,f__,g__,s__
OTU_272,k__Fungi,p__Ascomycota,c__Leotiomycetes,o__Helotiales,f__,g__,s__
OTU_592,k__Fungi,p__Ascomycota,c__Leotiomycetes,o__,f__,g__,s__
OTU_1382,k__Fungi,p__Ascomycota,c__Leotiomycetes,o__Helotiales,f__,g__,s__
OTU_480,k__Fungi,p__Ascomycota,c__,o__,f__,g__,s__
OTU_499,k__Fungi,p__Ascomycota,c__,o__,f__,g__,s__
OTU_1479,k__Fungi,p__Ascomycota,c__,o__,f__,g__,s__
OTU_437,k__Fungi,p__Ascomycota,c__Leotiomycetes,o__Helotiales,f__,g__,s__
OTU_1310,k__Fungi,p__Ascomycota,c__Leotiomycetes,o__Helotiales,f__,g__,s__
OTU_333,k__Fungi,p__Ascomycota,c__Xylonomycetes,o__GS34,f__,g__,s__
OTU_464,k__Fungi,p__Ascomycota,c__Xylonomycetes,o__GS34,f__,g__,s__
OTU_1464,k__Fungi,p__Ascomycota,c__Xylonomycetes,o__GS34,f__,g__,s__
OTU_65,k__Fungi,p__Ascomycota,c__Xylonomycetes,o__GS34,f__,g__,s__
OTU_187,k__Fungi,p__Ascomycota,c__Leotiomycetes,o__Helotiales,f__Helotiaceae,g__Claussenomyces,s__Claussenomyces_olivaceus
OTU_127,k__Fungi,p__Ascomycota,c__Leotiomycetes,o__Helotiales,f__,g__,s__
OTU_894,k__Fungi,p__Ascomycota,c__Leotiomycetes,o__,f__,g__,s__
OTU_436,k__Fungi,p__Ascomycota,c__Leotiomycetes,o__Helotiales,f__,g__,s__
OTU_422,k__Fungi,p__Ascomycota,c__Leotiomycetes,o__Helotiales,f__,g__,s__
OTU_1278,k__Fungi,p__Ascomycota,c__Leotiomycetes,o__Helotiales,f__,g__,s__
OTU_549,k__Fungi,p__Ascomycota,c__Leotiomycetes,o__,f__,g__,s__
OTU_683,k__Fungi,p__Ascomycota,c__Leotiomycetes,o__Helotiales,f__,g__,s__
OTU_1614,k__Fungi,p__Ascomycota,c__Leotiomycetes,o__,f__,g__,s__
OTU_556,k__Fungi,p__Ascomycota,c__Sordariomycetes,o__Sordariales,f__,g__,s__
OTU_1512,k__Fungi,p__Ascomycota,c__Sordariomycetes,o__Sordariales,f__,g__,s__
OTU_250,k__Fungi,p__Ascomycota,c__Sordariomycetes,o__Magnaporthales,f__Magnaporthaceae,g__,s__
OTU_1578,k__Fungi,p__Ascomycota,c__Sordariomycetes,o__Magnaporthales,f__Magnaporthaceae,g__Falciphora,s__Falciphora_oryzae
OTU_249,k__Fungi,p__Ascomycota,c__Sordariomycetes,o__,f__,g__,s__
OTU_318,k__Fungi,p__Ascomycota,c__Sordariomycetes,o__Glomerellales,f__Plectosphaerellaceae,g__Plectosphaerella,s__Plectosphaerella_cucumerina
OTU_1408,k__Fungi,p__Ascomycota,c__Sordariomycetes,o__Glomerellales,f__Plectosphaerellaceae,g__Plectosphaerella,s__Plectosphaerella_cucumerina
OTU_911,k__Fungi,p__Ascomycota,c__Sordariomycetes,o__Diaporthales,f__Diaporthaceae,g__Diaporthe,s__Diaporthe_phaseolorum
OTU_381,k__Fungi,p__Ascomycota,c__Sordariomycetes,o__Sordariales,f__Sordariaceae,g__,s__
OTU_430,k__Fungi,p__,c__,o__,f__,g__,s__
OTU_732,k__Fungi,p__,c__,o__,f__,g__,s__
OTU_1395,k__Fungi,p__Ascomycota,c__Sordariomycetes,o__Coniochaetales,f__Coniochaetaceae,g__,s__
OTU_1457,k__Fungi,p__Ascomycota,c__Sordariomycetes,o__Coniochaetales,f__,g__,s__
OTU_72,k__Fungi,p__,c__,o__,f__,g__,s__
OTU_1529,k__Fungi,p__Ascomycota,c__Sordariomycetes,o__Sordariales,f__Sordariaceae,g__,s__
OTU_1001,k__Fungi,p__Ascomycota,c__Sordariomycetes,o__,f__,g__,s__
OTU_1338,k__Fungi,p__Ascomycota,c__Sordariomycetes,o__Xylariales,f__Xylariales_fam_Incertae_sedis,g__Phialemoniopsis,s__Phialemoniopsis_curvata
OTU_107,k__Fungi,p__Ascomycota,c__Sordariomycetes,o__Xylariales,f__Microdochiaceae,g__Microdochium,s__Microdochium_phragmitis
OTU_261,k__Fungi,p__Ascomycota,c__Sordariomycetes,o__Xylariales,f__,g__,s__
OTU_435,k__Fungi,p__Ascomycota,c__Sordariomycetes,o__Hypocreales,f__,g__,s__
OTU_387,k__Fungi,p__,c__,o__,f__,g__,s__
OTU_907,k__Fungi,p__Ascomycota,c__Sordariomycetes,o__Microascales,f__Microascaceae,g__Cephalotrichum,s__Cephalotrichum_microsporum
OTU_1332,k__Fungi,p__Ascomycota,c__Sordariomycetes,o__Microascales,f__Microascaceae,g__,s__
OTU_496,k__Fungi,p__Ascomycota,c__Sordariomycetes,o__Hypocreales,f__,g__,s__
OTU_757,k__Fungi,p__Ascomycota,c__Sordariomycetes,o__Hypocreales,f__Nectriaceae,g__Fusarium,s__Fusarium_delphinoides
OTU_601,k__Fungi,p__Ascomycota,c__Sordariomycetes,o__Hypocreales,f__,g__,s__
OTU_276,k__Fungi,p__Ascomycota,c__Sordariomycetes,o__Hypocreales,f__Clavicipitaceae,g__,s__
OTU_521,k__Fungi,p__Ascomycota,c__Sordariomycetes,o__Hypocreales,f__Clavicipitaceae,g__,s__
OTU_121,k__Fungi,p__Ascomycota,c__Sordariomycetes,o__Hypocreales,f__Clavicipitaceae,g__Metarhizium,s__Metarhizium_carneum
OTU_555,k__Fungi,p__Ascomycota,c__Sordariomycetes,o__Hypocreales,f__Clavicipitaceae,g__Metarhizium,s__Metarhizium_anisopliae
OTU_652,k__Fungi,p__Ascomycota,c__Sordariomycetes,o__Hypocreales,f__Clavicipitaceae,g__,s__
OTU_169,k__Fungi,p__Ascomycota,c__Sordariomycetes,o__Hypocreales,f__Ophiocordycipitaceae,g__Chaunopycnis,s__
OTU_681,k__Fungi,p__Ascomycota,c__Sordariomycetes,o__Hypocreales,f__Cordycipitaceae,g__,s__
OTU_460,k__Fungi,p__Ascomycota,c__Sordariomycetes,o__Hypocreales,f__,g__,s__
OTU_210,k__Fungi,p__Ascomycota,c__Sordariomycetes,o__Hypocreales,f__Nectriaceae,g__Fusarium,s__Fusarium_oxysporum
OTU_263,k__Fungi,p__Ascomycota,c__Sordariomycetes,o__Hypocreales,f__Nectriaceae,g__Gibberella,s__Gibberella_intricans
OTU_546,k__Fungi,p__Ascomycota,c__Sordariomycetes,o__Hypocreales,f__,g__,s__
OTU_192,k__Fungi,p__Ascomycota,c__Sordariomycetes,o__Hypocreales,f__Nectriaceae,g__Fusarium,s__Fusarium_keratoplasticum
OTU_1616,k__Fungi,p__Ascomycota,c__Sordariomycetes,o__,f__,g__,s__
OTU_284,k__Fungi,p__Ascomycota,c__Sordariomycetes,o__Hypocreales,f__Nectriaceae,g__Gibberella,s__Gibberella_tricincta
OTU_538,k__Fungi,p__Ascomycota,c__Sordariomycetes,o__Hypocreales,f__Nectriaceae,g__Fusarium,s__Fusarium_proliferatum
OTU_443,k__Fungi,p__Ascomycota,c__Sordariomycetes,o__Hypocreales,f__Nectriaceae,g__Dactylonectria,s__Dactylonectria_macrodidyma
OTU_234,k__Fungi,p__Ascomycota,c__Sordariomycetes,o__Hypocreales,f__Nectriaceae,g__,s__
OTU_351,k__Fungi,p__Ascomycota,c__Sordariomycetes,o__Hypocreales,f__Stachybotryaceae,g__,s__
OTU_796,k__Fungi,p__Ascomycota,c__Sordariomycetes,o__Hypocreales,f__Stachybotryaceae,g__Myrothecium,s__Myrothecium_roridum
OTU_548,k__Fungi,p__Ascomycota,c__Sordariomycetes,o__Hypocreales,f__Nectriaceae,g__Ilyonectria,s__Ilyonectria_mors-panacis
OTU_309,k__Fungi,p__Ascomycota,c__Sordariomycetes,o__Hypocreales,f__Hypocreaceae,g__Trichoderma,s__Trichoderma_harzianum
OTU_405,k__Fungi,p__Ascomycota,c__Sordariomycetes,o__Hypocreales,f__Hypocreaceae,g__Trichoderma,s__Trichoderma_virens
OTU_433,k__Fungi,p__,c__,o__,f__,g__,s__
OTU_273,k__Fungi,p__Ascomycota,c__Sordariomycetes,o__Hypocreales,f__Hypocreaceae,g__Trichoderma,s__Trichoderma_pubescens
OTU_719,k__Fungi,p__Ascomycota,c__Sordariomycetes,o__Hypocreales,f__Cordycipitaceae,g__Simplicillium,s__Simplicillium_minatense
OTU_721,k__Fungi,p__Ascomycota,c__Sordariomycetes,o__Hypocreales,f__Ophiocordycipitaceae,g__Ophiocordyceps,s__Ophiocordyceps_coccidiicola
OTU_1699,k__Fungi,p__Ascomycota,c__Sordariomycetes,o__Sordariales,f__,g__,s__
OTU_226,k__Fungi,p__,c__,o__,f__,g__,s__
OTU_415,k__Fungi,p__Ascomycota,c__Sordariomycetes,o__,f__,g__,s__
OTU_373,k__Fungi,p__Ascomycota,c__Sordariomycetes,o__Sordariales,f__,g__,s__
OTU_1261,k__Fungi,p__Ascomycota,c__Sordariomycetes,o__Sordariales,f__Lasiosphaeriaceae,g__Schizothecium,s__Schizothecium_glutinans
OTU_779,k__Fungi,p__Ascomycota,c__Sordariomycetes,o__Sordariales,f__Lasiosphaeriaceae,g__Schizothecium,s__Schizothecium_formosanum
OTU_578,k__Fungi,p__Ascomycota,c__Sordariomycetes,o__Sordariales,f__Lasiosphaeriaceae,g__,s__
OTU_493,k__Fungi,p__Ascomycota,c__Sordariomycetes,o__Sordariales,f__,g__,s__
OTU_867,k__Fungi,p__Ascomycota,c__Sordariomycetes,o__Sordariales,f__Lasiosphaeriaceae,g__Schizothecium,s__Schizothecium_miniglutinans
OTU_118,k__Fungi,p__Ascomycota,c__Sordariomycetes,o__Sordariales,f__Lasiosphaeriaceae,g__Podospora,s__Podospora_ellisiana
OTU_418,k__Fungi,p__Ascomycota,c__Sordariomycetes,o__Sordariales,f__Lasiosphaeriaceae,g__Podospora,s__Podospora_ellisiana
OTU_482,k__Fungi,p__Ascomycota,c__Sordariomycetes,o__Sordariales,f__Lasiosphaeriaceae,g__Podospora,s__Podospora_intestinacea
OTU_454,k__Fungi,p__Ascomycota,c__Sordariomycetes,o__Sordariales,f__Lasiosphaeriaceae,g__Podospora,s__Podospora_dimorpha
OTU_922,k__Fungi,p__Ascomycota,c__Sordariomycetes,o__Sordariales,f__Lasiosphaeriaceae,g__Podospora,s__Podospora_intestinacea
OTU_606,k__Fungi,p__Ascomycota,c__Sordariomycetes,o__Sordariales,f__Chaetomiaceae,g__Chaetomium,s__Chaetomium_jodhpurense
OTU_160,k__Fungi,p__Ascomycota,c__Sordariomycetes,o__Sordariales,f__,g__,s__
OTU_27,k__Fungi,p__Ascomycota,c__Sordariomycetes,o__Sordariales,f__Chaetomiaceae,g__,s__
OTU_89,k__Fungi,p__Ascomycota,c__Sordariomycetes,o__Sordariales,f__Chaetomiaceae,g__,s__
OTU_277,k__Fungi,p__Ascomycota,c__,o__,f__,g__,s__
OTU_1686,k__Fungi,p__Ascomycota,c__Sordariomycetes,o__Sordariales,f__Chaetomiaceae,g__,s__
OTU_404,k__Fungi,p__Ascomycota,c__Sordariomycetes,o__Sordariales,f__Sordariales_fam_Incertae_sedis,g__Madurella,s__Madurella_fahalii
OTU_407,k__Fungi,p__Ascomycota,c__Sordariomycetes,o__Sordariales,f__Chaetomiaceae,g__,s__
OTU_274,k__Fungi,p__Ascomycota,c__Sordariomycetes,o__Sordariales,f__Chaetomiaceae,g__,s__
OTU_587,k__Fungi,p__Ascomycota,c__Sordariomycetes,o__Sordariales,f__Chaetomiaceae,g__,s__
OTU_813,k__Fungi,p__Ascomycota,c__Sordariomycetes,o__Sordariales,f__,g__,s__
OTU_772,k__Fungi,p__Ascomycota,c__Sordariomycetes,o__Sordariales,f__,g__,s__
OTU_829,k__Fungi,p__Ascomycota,c__Sordariomycetes,o__Sordariales,f__Lasiosphaeriaceae,g__Podospora,s__Podospora_pyriformis
OTU_792,k__Fungi,p__Ascomycota,c__Dothideomycetes,o__Venturiales,f__,g__,s__
OTU_298,k__Fungi,p__Ascomycota,c__Dothideomycetes,o__Venturiales,f__,g__,s__
OTU_296,k__Fungi,p__Ascomycota,c__Dothideomycetes,o__Venturiales,f__,g__,s__
OTU_448,k__Fungi,p__Ascomycota,c__Dothideomycetes,o__Venturiales,f__,g__,s__
OTU_218,k__Fungi,p__Ascomycota,c__Dothideomycetes,o__Venturiales,f__,g__,s__
OTU_380,k__Fungi,p__Ascomycota,c__Dothideomycetes,o__Dothideomycetes_ord_Incertae_sedis,f__Gloniaceae,g__Cenococcum,s__Cenococcum_geophilum
OTU_1623,k__Fungi,p__Ascomycota,c__Dothideomycetes,o__Pleosporales,f__,g__,s__
OTU_303,k__Fungi,p__Ascomycota,c__Dothideomycetes,o__Pleosporales,f__,g__,s__
OTU_402,k__Fungi,p__Ascomycota,c__Dothideomycetes,o__Pleosporales,f__,g__,s__
OTU_1703,k__Fungi,p__Ascomycota,c__Dothideomycetes,o__Pleosporales,f__Tetraplosphaeriaceae,g__Tetraplosphaeria,s__Tetraplosphaeria_sasicola
OTU_293,k__Fungi,p__Ascomycota,c__Dothideomycetes,o__Pleosporales,f__Sporormiaceae,g__Preussia,s__Preussia_alloiomera
OTU_140,k__Fungi,p__Ascomycota,c__Dothideomycetes,o__Pleosporales,f__Pleomassariaceae,g__,s__
OTU_42,k__Fungi,p__Ascomycota,c__Leotiomycetes,o__Helotiales,f__,g__,s__
OTU_489,k__Fungi,p__Ascomycota,c__Dothideomycetes,o__Pleosporales,f__Melanommataceae,g__,s__
OTU_239,k__Fungi,p__Ascomycota,c__Dothideomycetes,o__Pleosporales,f__,g__,s__
OTU_216,k__Fungi,p__Ascomycota,c__Dothideomycetes,o__Pleosporales,f__Didymellaceae,g__,s__
OTU_1693,k__Fungi,p__Ascomycota,c__Dothideomycetes,o__Pleosporales,f__,g__,s__
OTU_56,k__Fungi,p__Ascomycota,c__Dothideomycetes,o__Pleosporales,f__,g__,s__
OTU_1600,k__Fungi,p__Ascomycota,c__Dothideomycetes,o__,f__,g__,s__
OTU_838,k__Fungi,p__Ascomycota,c__Dothideomycetes,o__Pleosporales,f__,g__,s__
OTU_875,k__Fungi,p__Ascomycota,c__Dothideomycetes,o__Pleosporales,f__,g__,s__
OTU_314,k__Fungi,p__,c__,o__,f__,g__,s__
OTU_227,k__Fungi,p__Ascomycota,c__Dothideomycetes,o__Pleosporales,f__Pleosporaceae,g__,s__
OTU_725,k__Fungi,p__Ascomycota,c__Dothideomycetes,o__Pleosporales,f__Phaeosphaeriaceae,g__,s__
OTU_1272,k__Fungi,p__Ascomycota,c__,o__,f__,g__,s__
OTU_162,k__Fungi,p__Ascomycota,c__Dothideomycetes,o__Pleosporales,f__Phaeosphaeriaceae,g__,s__
OTU_352,k__Fungi,p__Ascomycota,c__,o__,f__,g__,s__
OTU_650,k__Fungi,p__Ascomycota,c__,o__,f__,g__,s__
OTU_1485,k__Fungi,p__Ascomycota,c__,o__,f__,g__,s__
OTU_656,k__Fungi,p__Ascomycota,c__Dothideomycetes,o__Pleosporales,f__,g__,s__
OTU_341,k__Fungi,p__Ascomycota,c__Dothideomycetes,o__Pleosporales,f__,g__,s__
OTU_642,k__Fungi,p__Ascomycota,c__Lecanoromycetes,o__Lecanorales,f__,g__,s__
OTU_710,k__Fungi,p__,c__,o__,f__,g__,s__
OTU_807,k__Fungi,p__Ascomycota,c__Dothideomycetes,o__Capnodiales,f__Mycosphaerellaceae,g__Cercospora,s__Cercospora_canescens
OTU_232,k__Fungi,p__Ascomycota,c__Dothideomycetes,o__Capnodiales,f__,g__,s__
OTU_1618,k__Fungi,p__Ascomycota,c__Dothideomycetes,o__Capnodiales,f__Cladosporiaceae,g__Cladosporium,s__Cladosporium_sphaerospermum
OTU_1260,k__Fungi,p__Ascomycota,c__Eurotiomycetes,o__Onygenales,f__Ajellomycetaceae,g__Ajellomyces,s__Ajellomyces_crescens
OTU_1527,k__Fungi,p__Ascomycota,c__Eurotiomycetes,o__Eurotiales,f__,g__,s__
OTU_737,k__Fungi,p__Ascomycota,c__Eurotiomycetes,o__Onygenales,f__Ajellomycetaceae,g__Emmonsia,s__Emmonsia_helica
OTU_34,k__Fungi,p__Ascomycota,c__Eurotiomycetes,o__Onygenales,f__Ajellomycetaceae,g__Emmonsia,s__Emmonsia_helica
OTU_1282,k__Fungi,p__Ascomycota,c__Eurotiomycetes,o__Onygenales,f__,g__,s__
OTU_43,k__Fungi,p__Ascomycota,c__Eurotiomycetes,o__Onygenales,f__,g__,s__
OTU_492,k__Fungi,p__Ascomycota,c__Eurotiomycetes,o__Onygenales,f__,g__,s__
OTU_1601,k__Fungi,p__Ascomycota,c__Eurotiomycetes,o__Onygenales,f__,g__,s__
OTU_1083,k__Fungi,p__Ascomycota,c__Eurotiomycetes,o__Onygenales,f__,g__,s__
OTU_7,k__Fungi,p__Ascomycota,c__Eurotiomycetes,o__Onygenales,f__,g__,s__
OTU_1665,k__Fungi,p__Ascomycota,c__Eurotiomycetes,o__,f__,g__,s__
OTU_646,k__Fungi,p__Ascomycota,c__Eurotiomycetes,o__Onygenales,f__,g__,s__
OTU_1254,k__Fungi,p__Ascomycota,c__Eurotiomycetes,o__,f__,g__,s__
OTU_35,k__Fungi,p__Ascomycota,c__Eurotiomycetes,o__Onygenales,f__,g__,s__
OTU_1128,k__Fungi,p__Ascomycota,c__Eurotiomycetes,o__Onygenales,f__,g__,s__
OTU_1524,k__Fungi,p__Ascomycota,c__Eurotiomycetes,o__Onygenales,f__,g__,s__
OTU_211,k__Fungi,p__Ascomycota,c__Eurotiomycetes,o__Onygenales,f__,g__,s__
OTU_1548,k__Fungi,p__Ascomycota,c__Eurotiomycetes,o__Onygenales,f__,g__,s__
OTU_1587,k__Fungi,p__Ascomycota,c__Eurotiomycetes,o__Onygenales,f__,g__,s__
OTU_1120,k__Fungi,p__Ascomycota,c__Eurotiomycetes,o__,f__,g__,s__
OTU_1274,k__Fungi,p__Ascomycota,c__Eurotiomycetes,o__Onygenales,f__,g__,s__
OTU_1138,k__Fungi,p__Ascomycota,c__Eurotiomycetes,o__Onygenales,f__,g__,s__
OTU_748,k__Fungi,p__Ascomycota,c__Eurotiomycetes,o__Onygenales,f__,g__,s__
OTU_238,k__Fungi,p__Ascomycota,c__Eurotiomycetes,o__Onygenales,f__,g__,s__
OTU_81,k__Fungi,p__Ascomycota,c__Eurotiomycetes,o__Onygenales,f__,g__,s__
OTU_566,k__Fungi,p__Ascomycota,c__Eurotiomycetes,o__Onygenales,f__,g__,s__
OTU_1652,k__Fungi,p__Ascomycota,c__Eurotiomycetes,o__Onygenales,f__,g__,s__
OTU_119,k__Fungi,p__Ascomycota,c__Eurotiomycetes,o__Onygenales,f__,g__,s__
OTU_392,k__Fungi,p__Ascomycota,c__Eurotiomycetes,o__Onygenales,f__,g__,s__
OTU_202,k__Fungi,p__Ascomycota,c__Eurotiomycetes,o__Onygenales,f__,g__,s__
OTU_1061,k__Fungi,p__Ascomycota,c__Eurotiomycetes,o__,f__,g__,s__
OTU_1144,k__Fungi,p__Ascomycota,c__Eurotiomycetes,o__,f__,g__,s__
OTU_6,k__Fungi,p__Ascomycota,c__Eurotiomycetes,o__,f__,g__,s__
OTU_1588,k__Fungi,p__Ascomycota,c__Eurotiomycetes,o__,f__,g__,s__
OTU_1168,k__Fungi,p__Ascomycota,c__Eurotiomycetes,o__,f__,g__,s__
OTU_1285,k__Fungi,p__Ascomycota,c__Saccharomycetes,o__Saccharomycetales,f__,g__,s__
OTU_5,k__Fungi,p__Ascomycota,c__Saccharomycetes,o__Saccharomycetales,f__,g__,s__
OTU_1684,k__Fungi,p__Ascomycota,c__Eurotiomycetes,o__Onygenales,f__,g__,s__
OTU_30,k__Fungi,p__Ascomycota,c__Eurotiomycetes,o__Onygenales,f__,g__,s__
OTU_55,k__Fungi,p__Ascomycota,c__Eurotiomycetes,o__,f__,g__,s__
OTU_621,k__Fungi,p__Ascomycota,c__Eurotiomycetes,o__Onygenales,f__,g__,s__
OTU_1012,k__Fungi,p__Ascomycota,c__Eurotiomycetes,o__,f__,g__,s__
OTU_130,k__Fungi,p__Ascomycota,c__Eurotiomycetes,o__Onygenales,f__,g__,s__
OTU_60,k__Fungi,p__Ascomycota,c__Eurotiomycetes,o__,f__,g__,s__
OTU_477,k__Fungi,p__Ascomycota,c__Eurotiomycetes,o__Onygenales,f__,g__,s__
OTU_1611,k__Fungi,p__Ascomycota,c__Leotiomycetes,o__Rhytismatales,f__Rhytismataceae,g__Lophodermium,s__Lophodermium_conigenum
OTU_682,k__Fungi,p__Ascomycota,c__Eurotiomycetes,o__Eurotiales,f__,g__,s__
OTU_97,k__Fungi,p__Ascomycota,c__Eurotiomycetes,o__Eurotiales,f__Aspergillaceae,g__Aspergillus,s__Aspergillus_flavus
OTU_389,k__Fungi,p__Ascomycota,c__Eurotiomycetes,o__Eurotiales,f__Aspergillaceae,g__Aspergillus,s__Aspergillus_tsunodae
OTU_308,k__Fungi,p__Ascomycota,c__Eurotiomycetes,o__Eurotiales,f__Aspergillaceae,g__Penicillium,s__Penicillium_griseolum
OTU_1286,k__Fungi,p__Ascomycota,c__Eurotiomycetes,o__Eurotiales,f__Aspergillaceae,g__Penicillium,s__Penicillium_pimiteouiense
OTU_827,k__Fungi,p__Ascomycota,c__Eurotiomycetes,o__Eurotiales,f__Aspergillaceae,g__Penicillium,s__Penicillium_lassenii
OTU_1556,k__Fungi,p__Ascomycota,c__Eurotiomycetes,o__Eurotiales,f__Aspergillaceae,g__Aspergillus,s__Aspergillus_japonicus
OTU_230,k__Fungi,p__Ascomycota,c__Eurotiomycetes,o__Eurotiales,f__Aspergillaceae,g__Aspergillus,s__Aspergillus_halophilicus
OTU_375,k__Fungi,p__Ascomycota,c__Eurotiomycetes,o__Eurotiales,f__Aspergillaceae,g__Aspergillus,s__Aspergillus_penicillioides
OTU_1563,k__Fungi,p__Ascomycota,c__Eurotiomycetes,o__Eurotiales,f__Aspergillaceae,g__Aspergillus,s__Aspergillus_gracilis
OTU_1446,k__Fungi,p__Ascomycota,c__Eurotiomycetes,o__Eurotiales,f__Aspergillaceae,g__Aspergillus,s__Aspergillus_gracilis
OTU_209,k__Fungi,p__Ascomycota,c__Eurotiomycetes,o__Eurotiales,f__Aspergillaceae,g__Aspergillus,s__Aspergillus_penicillioides
OTU_245,k__Fungi,p__,c__,o__,f__,g__,s__
OTU_846,k__Fungi,p__Ascomycota,c__Eurotiomycetes,o__Eurotiales,f__Aspergillaceae,g__Aspergillus,s__Aspergillus_penicillioides
OTU_295,k__Fungi,p__Ascomycota,c__Eurotiomycetes,o__Eurotiales,f__Aspergillaceae,g__Aspergillus,s__Aspergillus_penicillioides
OTU_36,k__Fungi,p__Ascomycota,c__Eurotiomycetes,o__Eurotiales,f__Aspergillaceae,g__Aspergillus,s__Aspergillus_proliferans
OTU_1250,k__Fungi,p__Ascomycota,c__Eurotiomycetes,o__Eurotiales,f__Aspergillaceae,g__Aspergillus,s__Aspergillus_proliferans
OTU_1217,k__Fungi,p__Ascomycota,c__Eurotiomycetes,o__Eurotiales,f__Aspergillaceae,g__Aspergillus,s__Aspergillus_proliferans
OTU_28,k__Fungi,p__Ascomycota,c__Eurotiomycetes,o__Eurotiales,f__Aspergillaceae,g__Aspergillus,s__Aspergillus_fumigatus
OTU_1538,k__Fungi,p__Ascomycota,c__Eurotiomycetes,o__Eurotiales,f__Aspergillaceae,g__Aspergillus,s__Aspergillus_fumigatus
OTU_824,k__Fungi,p__Ascomycota,c__Eurotiomycetes,o__Eurotiales,f__,g__,s__
OTU_1509,k__Fungi,p__Ascomycota,c__Eurotiomycetes,o__Eurotiales,f__Thermoascaceae,g__Thermoascus,s__Thermoascus_crustaceus
OTU_1613,k__Fungi,p__Ascomycota,c__Eurotiomycetes,o__Eurotiales,f__Thermoascaceae,g__Thermoascus,s__Thermoascus_crustaceus
OTU_18,k__Fungi,p__Ascomycota,c__Eurotiomycetes,o__Eurotiales,f__Thermoascaceae,g__Thermoascus,s__Thermoascus_crustaceus
OTU_636,k__Fungi,p__Ascomycota,c__Eurotiomycetes,o__Eurotiales,f__Thermoascaceae,g__Thermoascus,s__Thermoascus_crustaceus
OTU_15,k__Fungi,p__Ascomycota,c__Eurotiomycetes,o__Eurotiales,f__Trichocomaceae,g__Rasamsonia,s__Rasamsonia_emersonii
OTU_1667,k__Fungi,p__Ascomycota,c__Eurotiomycetes,o__Eurotiales,f__Thermoascaceae,g__Thermoascus,s__Thermoascus_crustaceus
OTU_749,k__Fungi,p__Ascomycota,c__Eurotiomycetes,o__Eurotiales,f__Thermoascaceae,g__Thermoascus,s__Thermoascus_crustaceus
OTU_285,k__Fungi,p__Ascomycota,c__Eurotiomycetes,o__Eurotiales,f__Aspergillaceae,g__Xeromyces,s__Xeromyces_bisporus
OTU_154,k__Fungi,p__Ascomycota,c__Eurotiomycetes,o__Eurotiales,f__,g__,s__
OTU_131,k__Fungi,p__Ascomycota,c__Eurotiomycetes,o__Eurotiales,f__Trichocomaceae,g__Thermomyces,s__Thermomyces_dupontii
OTU_980,k__Fungi,p__Ascomycota,c__Pezizomycetes,o__Pezizales,f__Pyronemataceae,g__Wilcoxina,s__Wilcoxina_mikolae
OTU_1555,k__Fungi,p__,c__,o__,f__,g__,s__
OTU_322,k__Fungi,p__Ascomycota,c__,o__,f__,g__,s__
OTU_79,k__Fungi,p__Mucoromycota,c__Mucoromycetes,o__Mucorales,f__Lichtheimiaceae,g__Lichtheimia,s__Lichtheimia_ramosa
OTU_1175,k__Fungi,p__Mucoromycota,c__Mucoromycetes,o__Mucorales,f__Lichtheimiaceae,g__Lichtheimia,s__Lichtheimia_corymbifera
OTU_1562,k__Fungi,p__Mucoromycota,c__Mucoromycetes,o__Mucorales,f__Lichtheimiaceae,g__Lichtheimia,s__Lichtheimia_ramosa
OTU_67,k__Fungi,p__Basidiomycota,c__Tremellomycetes,o__Filobasidiales,f__Piskurozymaceae,g__Solicoccozyma,s__Solicoccozyma_terricola
OTU_1478,k__Fungi,p__Basidiomycota,c__Tremellomycetes,o__Trichosporonales,f__Trichosporonaceae,g__Apiotrichum,s__Apiotrichum_gracile
OTU_697,k__Fungi,p__Basidiomycota,c__Tremellomycetes,o__Trichosporonales,f__Trichosporonaceae,g__Trichosporon,s__Trichosporon_asahii
OTU_580,k__Fungi,p__Basidiomycota,c__Tremellomycetes,o__Filobasidiales,f__Filobasidiaceae,g__Filobasidium,s__Filobasidium_magnum
OTU_1619,k__Fungi,p__Basidiomycota,c__Tremellomycetes,o__Tremellales,f__Trimorphomycetaceae,g__Saitozyma,s__Saitozyma_flava
OTU_122,k__Fungi,p__Basidiomycota,c__Tremellomycetes,o__Tremellales,f__Trimorphomycetaceae,g__Saitozyma,s__Saitozyma_podzolica
OTU_135,k__Fungi,p__Basidiomycota,c__Agaricomycetes,o__Trechisporales,f__,g__,s__
OTU_143,k__Fungi,p__Basidiomycota,c__Agaricomycetes,o__Atheliales,f__Atheliaceae,g__Athelopsis,s__Athelopsis_lembospora
OTU_78,k__Fungi,p__Ascomycota,c__Archaeorhizomycetes,o__Archaeorhizomycetales,f__Archaeorhizomycetaceae,g__Archaeorhizomyces,s__Archaeorhizomyces_borealis
OTU_289,k__Fungi,p__Ascomycota,c__Archaeorhizomycetes,o__,f__,g__,s__
OTU_158,k__Fungi,p__Ascomycota,c__,o__,f__,g__,s__
OTU_184,k__Fungi,p__Ascomycota,c__Archaeorhizomycetes,o__,f__,g__,s__
OTU_117,k__Fungi,p__Ascomycota,c__,o__,f__,g__,s__
OTU_294,k__Fungi,p__Ascomycota,c__,o__,f__,g__,s__
OTU_1170,k__Fungi,p__Ascomycota,c__,o__,f__,g__,s__
OTU_74,k__Fungi,p__Ascomycota,c__,o__,f__,g__,s__
OTU_357,k__Fungi,p__Ascomycota,c__,o__,f__,g__,s__
OTU_412,k__Fungi,p__Ascomycota,c__Archaeorhizomycetes,o__,f__,g__,s__
OTU_426,k__Fungi,p__Ascomycota,c__Archaeorhizomycetes,o__,f__,g__,s__
OTU_1702,k__Fungi,p__Ascomycota,c__Archaeorhizomycetes,o__,f__,g__,s__
OTU_354,k__Fungi,p__Ascomycota,c__Archaeorhizomycetes,o__,f__,g__,s__
OTU_146,k__Fungi,p__Ascomycota,c__,o__,f__,g__,s__
OTU_123,k__Fungi,p__Ascomycota,c__Archaeorhizomycetes,o__,f__,g__,s__
OTU_678,k__Fungi,p__Ascomycota,c__Archaeorhizomycetes,o__,f__,g__,s__
OTU_100,k__Fungi,p__Ascomycota,c__Archaeorhizomycetes,o__,f__,g__,s__
OTU_59,k__Fungi,p__Ascomycota,c__Archaeorhizomycetes,o__,f__,g__,s__
OTU_1145,k__Fungi,p__Ascomycota,c__Archaeorhizomycetes,o__,f__,g__,s__
OTU_1193,k__Fungi,p__Ascomycota,c__Archaeorhizomycetes,o__,f__,g__,s__
OTU_266,k__Fungi,p__Ascomycota,c__Archaeorhizomycetes,o__,f__,g__,s__
OTU_101,k__Fungi,p__Ascomycota,c__Archaeorhizomycetes,o__,f__,g__,s__
OTU_456,k__Fungi,p__Ascomycota,c__Archaeorhizomycetes,o__,f__,g__,s__
OTU_664,k__Fungi,p__Ascomycota,c__Archaeorhizomycetes,o__,f__,g__,s__
OTU_378,k__Fungi,p__Ascomycota,c__Archaeorhizomycetes,o__,f__,g__,s__
OTU_149,k__Fungi,p__,c__,o__,f__,g__,s__
OTU_75,k__Fungi,p__Ascomycota,c__,o__,f__,g__,s__
OTU_94,k__Fungi,p__Ascomycota,c__Archaeorhizomycetes,o__,f__,g__,s__
OTU_270,k__Fungi,p__Ascomycota,c__Archaeorhizomycetes,o__,f__,g__,s__
OTU_1176,k__Fungi,p__Ascomycota,c__Xylonomycetes,o__Xylonomycetales,f__Xylonomycetales_fam_Incertae_sedis,g__Symbiotaphrina,s__Symbiotaphrina_buchneri
OTU_892,k__Fungi,p__,c__,o__,f__,g__,s__
OTU_144,k__Fungi,p__,c__,o__,f__,g__,s__
OTU_319,k__Fungi,p__Ascomycota,c__Archaeorhizomycetes,o__Archaeorhizomycetales,f__Archaeorhizomycetaceae,g__Archaeorhizomyces,s__Archaeorhizomyces_borealis
OTU_541,k__Fungi,p__Ascomycota,c__Archaeorhizomycetes,o__,f__,g__,s__
OTU_1506,k__Fungi,p__Ascomycota,c__Archaeorhizomycetes,o__,f__,g__,s__
OTU_391,k__Fungi,p__Ascomycota,c__Archaeorhizomycetes,o__,f__,g__,s__
OTU_13,k__Fungi,p__Ascomycota,c__Archaeorhizomycetes,o__,f__,g__,s__
OTU_811,k__Fungi,p__Ascomycota,c__Archaeorhizomycetes,o__,f__,g__,s__
OTU_461,k__Fungi,p__Ascomycota,c__Archaeorhizomycetes,o__,f__,g__,s__
OTU_511,k__Fungi,p__Basidiomycota,c__Agaricomycetes,o__,f__,g__,s__
OTU_653,k__Fungi,p__Basidiomycota,c__Agaricomycetes,o__,f__,g__,s__
OTU_82,k__Fungi,p__,c__,o__,f__,g__,s__
OTU_282,k__Fungi,p__,c__,o__,f__,g__,s__
OTU_166,k__Fungi,p__Basidiomycota,c__Agaricomycetes,o__Agaricales,f__,g__,s__
OTU_12,k__Fungi,p__Basidiomycota,c__Agaricomycetes,o__Agaricales,f__Hygrophoraceae,g__Hygrocybe,s__Hygrocybe_nitrata
OTU_66,k__Fungi,p__Basidiomycota,c__Agaricomycetes,o__Agaricales,f__Hygrophoraceae,g__Hygrocybe,s__Hygrocybe_citrinovirens
OTU_573,k__Fungi,p__Basidiomycota,c__Agaricomycetes,o__Hymenochaetales,f__,g__,s__
OTU_1569,k__Fungi,p__Basidiomycota,c__Agaricomycetes,o__Sebacinales,f__Serendipitaceae,g__,s__
OTU_1564,k__Fungi,p__Basidiomycota,c__Agaricomycetes,o__Sebacinales,f__,g__,s__
OTU_1516,k__Fungi,p__Basidiomycota,c__Agaricomycetes,o__Sebacinales,f__,g__,s__
OTU_17,k__Fungi,p__Basidiomycota,c__Agaricomycetes,o__Agaricales,f__Hygrophoraceae,g__Cuphophyllus,s__Cuphophyllus_virgineus
OTU_180,k__Fungi,p__Basidiomycota,c__Agaricomycetes,o__Agaricales,f__Psathyrellaceae,g__Psathyrella,s__Psathyrella_candolleana
OTU_446,k__Fungi,p__Basidiomycota,c__Agaricomycetes,o__Agaricales,f__Psathyrellaceae,g__,s__
OTU_449,k__Fungi,p__Basidiomycota,c__Agaricomycetes,o__Agaricales,f__Tricholomataceae,g__Mycena,s__Mycena_xantholeuca
OTU_224,k__Fungi,p__Basidiomycota,c__Agaricomycetes,o__Agaricales,f__Entolomataceae,g__Entoloma,s__Entoloma_kruticianum
OTU_1486,k__Fungi,p__Basidiomycota,c__Agaricomycetes,o__Agaricales,f__,g__,s__
OTU_150,k__Fungi,p__Basidiomycota,c__Agaricomycetes,o__Polyporales,f__,g__,s__
OTU_213,k__Fungi,p__Mucoromycota,c__Endogonomycetes,o__GS21,f__,g__,s__
OTU_297,k__Fungi,p__Mucoromycota,c__Endogonomycetes,o__GS21,f__,g__,s__
OTU_729,k__Fungi,p__Ascomycota,c__Xylonomycetes,o__Xylonomycetales,f__Xylonomycetales_fam_Incertae_sedis,g__Symbiotaphrina,s__Symbiotaphrina_buchneri
OTU_595,k__Fungi,p__Ascomycota,c__Xylonomycetes,o__Xylonomycetales,f__Xylonomycetales_fam_Incertae_sedis,g__Symbiotaphrina,s__Symbiotaphrina_buchneri
OTU_278,k__Fungi,p__Mucoromycota,c__Endogonomycetes,o__Endogonales,f__Endogonaceae,g__Densospora,s__
OTU_397,k__Fungi,p__Basidiomycota,c__Agaricomycetes,o__Agaricales,f__Clavariaceae,g__,s__
OTU_110,k__Fungi,p__Basidiomycota,c__Agaricomycetes,o__Thelephorales,f__Bankeraceae,g__Sarcodon,s__Sarcodon_atroviridis
OTU_254,k__Fungi,p__Basidiomycota,c__Agaricomycetes,o__Agaricales,f__Clavariaceae,g__Clavulinopsis,s__Clavulinopsis_corniculata
OTU_29,k__Fungi,p__Basidiomycota,c__Agaricomycetes,o__Agaricales,f__Clavariaceae,g__,s__
OTU_310,k__Fungi,p__Basidiomycota,c__Agaricomycetes,o__Agaricales,f__Clavariaceae,g__Clavaria,s__Clavaria_flavipes
OTU_93,k__Fungi,p__Basidiomycota,c__Agaricomycetes,o__Agaricales,f__Clavariaceae,g__,s__
OTU_147,k__Fungi,p__Basidiomycota,c__Agaricomycetes,o__Agaricales,f__Clavariaceae,g__Clavulinopsis,s__Clavulinopsis_fusiformis
OTU_32,k__Fungi,p__Basidiomycota,c__Agaricomycetes,o__Agaricales,f__Clavariaceae,g__Clavulinopsis,s__Clavulinopsis_laeticolor
OTU_1719,k__Fungi,p__Basidiomycota,c__Agaricomycetes,o__Agaricales,f__Clavariaceae,g__,s__
OTU_148,k__Fungi,p__Basidiomycota,c__Agaricomycetes,o__Agaricales,f__Clavariaceae,g__,s__
OTU_19,k__Fungi,p__Basidiomycota,c__Agaricomycetes,o__Agaricales,f__Clavariaceae,g__Clavulinopsis,s__Clavulinopsis_luteoalba
OTU_778,k__Fungi,p__Basidiomycota,c__Agaricomycetes,o__Agaricales,f__Clavariaceae,g__,s__
OTU_87,k__Fungi,p__Basidiomycota,c__Agaricomycetes,o__Agaricales,f__Hygrophoraceae,g__Hygrocybe,s__Hygrocybe_conica
OTU_531,k__Fungi,p__,c__,o__,f__,g__,s__
OTU_808,k__Fungi,p__Basidiomycota,c__Agaricomycetes,o__Agaricales,f__Clavariaceae,g__,s__
OTU_598,k__Fungi,p__Basidiomycota,c__Agaricomycetes,o__Agaricales,f__Clavariaceae,g__,s__
OTU_754,k__Fungi,p__Basidiomycota,c__Agaricomycetes,o__Agaricales,f__Clavariaceae,g__,s__
OTU_1593,k__Fungi,p__Basidiomycota,c__Microbotryomycetes,o__Leucosporidiales,f__,g__,s__
OTU_1087,k__Fungi,p__Basidiomycota,c__Agaricomycetes,o__Agaricales,f__Cortinariaceae,g__,s__
OTU_431,k__Fungi,p__Chytridiomycota,c__Spizellomycetes,o__Spizellomycetales,f__Spizellomycetaceae,g__Spizellomyces,s__Spizellomyces_pseudodichotomus
OTU_1262,k__Fungi,p__Chytridiomycota,c__Spizellomycetes,o__Spizellomycetales,f__,g__,s__
OTU_878,k__Fungi,p__Chytridiomycota,c__,o__,f__,g__,s__
OTU_801,k__Fungi,p__,c__,o__,f__,g__,s__
OTU_353,k__Fungi,p__,c__,o__,f__,g__,s__
OTU_668,k__Fungi,p__Mortierellomycota,c__Mortierellomycetes,o__Mortierellales,f__Mortierellaceae,g__,s__
OTU_1644,k__Fungi,p__Mortierellomycota,c__Mortierellomycetes,o__Mortierellales,f__Mortierellaceae,g__Mortierella,s__Mortierella_alpina
OTU_252,k__Fungi,p__Mortierellomycota,c__Mortierellomycetes,o__Mortierellales,f__Mortierellaceae,g__,s__
OTU_651,k__Fungi,p__Mortierellomycota,c__Mortierellomycetes,o__Mortierellales,f__Mortierellaceae,g__,s__
OTU_1660,k__Fungi,p__Mortierellomycota,c__Mortierellomycetes,o__Mortierellales,f__Mortierellaceae,g__Mortierella,s__Mortierella_alpina
OTU_1163,k__Fungi,p__Mortierellomycota,c__Mortierellomycetes,o__Mortierellales,f__Mortierellaceae,g__Mortierella,s__Mortierella_alpina
OTU_782,k__Fungi,p__Mortierellomycota,c__Mortierellomycetes,o__Mortierellales,f__Mortierellaceae,g__Mortierella,s__Mortierella_alpina
OTU_1647,k__Fungi,p__Mortierellomycota,c__Mortierellomycetes,o__Mortierellales,f__Mortierellaceae,g__Mortierella,s__Mortierella_alpina
OTU_385,k__Fungi,p__,c__,o__,f__,g__,s__
OTU_627,k__Fungi,p__Mortierellomycota,c__Mortierellomycetes,o__Mortierellales,f__Mortierellaceae,g__Mortierella,s__Mortierella_alpina
OTU_1123,k__Fungi,p__,c__,o__,f__,g__,s__
OTU_1139,k__Fungi,p__Mortierellomycota,c__Mortierellomycetes,o__Mortierellales,f__Mortierellaceae,g__Mortierella,s__Mortierella_alpina
OTU_1653,k__Fungi,p__Mortierellomycota,c__Mortierellomycetes,o__Mortierellales,f__Mortierellaceae,g__Mortierella,s__Mortierella_alpina
OTU_1670,k__Fungi,p__Mortierellomycota,c__Mortierellomycetes,o__Mortierellales,f__Mortierellaceae,g__Mortierella,s__Mortierella_alpina
OTU_1641,k__Fungi,p__Mortierellomycota,c__Mortierellomycetes,o__Mortierellales,f__Mortierellaceae,g__Mortierella,s__Mortierella_alpina
OTU_452,k__Fungi,p__Mortierellomycota,c__Mortierellomycetes,o__Mortierellales,f__Mortierellaceae,g__Mortierella,s__Mortierella_alpina
OTU_904,k__Fungi,p__Mortierellomycota,c__Mortierellomycetes,o__Mortierellales,f__Mortierellaceae,g__Mortierella,s__Mortierella_alpina
OTU_106,k__Fungi,p__Mortierellomycota,c__Mortierellomycetes,o__Mortierellales,f__Mortierellaceae,g__Mortierella,s__Mortierella_alpina
OTU_626,k__Fungi,p__Mortierellomycota,c__Mortierellomycetes,o__Mortierellales,f__Mortierellaceae,g__Mortierella,s__Mortierella_alpina
OTU_9,k__Fungi,p__Mortierellomycota,c__Mortierellomycetes,o__Mortierellales,f__Mortierellaceae,g__Mortierella,s__Mortierella_alpina
OTU_495,k__Fungi,p__Mortierellomycota,c__Mortierellomycetes,o__Mortierellales,f__Mortierellaceae,g__Mortierella,s__Mortierella_alpina
OTU_109,k__Fungi,p__Mortierellomycota,c__Mortierellomycetes,o__Mortierellales,f__Mortierellaceae,g__Mortierella,s__Mortierella_elongata
OTU_784,k__Fungi,p__Mortierellomycota,c__Mortierellomycetes,o__Mortierellales,f__Mortierellaceae,g__Mortierella,s__Mortierella_globulifera
OTU_1468,k__Fungi,p__Mortierellomycota,c__Mortierellomycetes,o__Mortierellales,f__Mortierellaceae,g__Mortierella,s__Mortierella_globulifera
OTU_1609,k__Fungi,p__Mortierellomycota,c__Mortierellomycetes,o__Mortierellales,f__Mortierellaceae,g__Mortierella,s__Mortierella_globulifera
OTU_31,k__Fungi,p__Mortierellomycota,c__Mortierellomycetes,o__Mortierellales,f__Mortierellaceae,g__Mortierella,s__Mortierella_horticola
OTU_1208,k__Fungi,p__Mortierellomycota,c__Mortierellomycetes,o__Mortierellales,f__Mortierellaceae,g__,s__
OTU_1450,k__Fungi,p__Mortierellomycota,c__Mortierellomycetes,o__Mortierellales,f__Mortierellaceae,g__Mortierella,s__Mortierella_jenkinii
OTU_788,k__Fungi,p__Mortierellomycota,c__Mortierellomycetes,o__Mortierellales,f__Mortierellaceae,g__Mortierella,s__Mortierella_humilis
OTU_1453,k__Fungi,p__Mortierellomycota,c__Mortierellomycetes,o__Mortierellales,f__,g__,s__
OTU_1429,k__Fungi,p__Mortierellomycota,c__Mortierellomycetes,o__Mortierellales,f__Mortierellaceae,g__Mortierella,s__Mortierella_globulifera
OTU_331,k__Fungi,p__Mortierellomycota,c__Mortierellomycetes,o__Mortierellales,f__,g__,s__
OTU_129,k__Fungi,p__Mortierellomycota,c__Mortierellomycetes,o__Mortierellales,f__,g__,s__
OTU_1335,k__Fungi,p__Mortierellomycota,c__Mortierellomycetes,o__Mortierellales,f__,g__,s__
OTU_170,k__Fungi,p__Mortierellomycota,c__Mortierellomycetes,o__Mortierellales,f__,g__,s__
OTU_40,k__Fungi,p__Mortierellomycota,c__Mortierellomycetes,o__Mortierellales,f__,g__,s__
OTU_442,k__Fungi,p__Mortierellomycota,c__Mortierellomycetes,o__Mortierellales,f__Mortierellaceae,g__Mortierella,s__Mortierella_globulifera
OTU_1079,k__Fungi,p__Mortierellomycota,c__Mortierellomycetes,o__Mortierellales,f__Mortierellaceae,g__,s__
OTU_860,k__Fungi,p__Mortierellomycota,c__Mortierellomycetes,o__Mortierellales,f__,g__,s__
OTU_1484,k__Fungi,p__Mortierellomycota,c__Mortierellomycetes,o__Mortierellales,f__Mortierellaceae,g__Mortierella,s__Mortierella_humilis
OTU_142,k__Fungi,p__Mortierellomycota,c__Mortierellomycetes,o__Mortierellales,f__Mortierellaceae,g__Mortierella,s__Mortierella_globulifera
OTU_1520,k__Fungi,p__Mortierellomycota,c__Mortierellomycetes,o__Mortierellales,f__,g__,s__
OTU_45,k__Fungi,p__Mortierellomycota,c__Mortierellomycetes,o__Mortierellales,f__,g__,s__
OTU_893,k__Fungi,p__Mortierellomycota,c__Mortierellomycetes,o__Mortierellales,f__Mortierellaceae,g__,s__
OTU_382,k__Fungi,p__Mortierellomycota,c__Mortierellomycetes,o__Mortierellales,f__,g__,s__
OTU_186,k__Fungi,p__Mortierellomycota,c__Mortierellomycetes,o__Mortierellales,f__Mortierellaceae,g__Mortierella,s__Mortierella_globulifera
OTU_1519,k__Fungi,p__Mortierellomycota,c__Mortierellomycetes,o__Mortierellales,f__,g__,s__
OTU_475,k__Fungi,p__Mortierellomycota,c__Mortierellomycetes,o__Mortierellales,f__,g__,s__
OTU_25,k__Fungi,p__Mortierellomycota,c__Mortierellomycetes,o__Mortierellales,f__Mortierellaceae,g__Mortierella,s__Mortierella_globulifera
OTU_609,k__Fungi,p__Mortierellomycota,c__Mortierellomycetes,o__Mortierellales,f__Mortierellaceae,g__Mortierella,s__Mortierella_humilis
OTU_305,k__Fungi,p__Mortierellomycota,c__Mortierellomycetes,o__Mortierellales,f__Mortierellaceae,g__Mortierella,s__Mortierella_humilis
OTU_1069,k__Fungi,p__Mortierellomycota,c__Mortierellomycetes,o__Mortierellales,f__Mortierellaceae,g__,s__
OTU_236,k__Fungi,p__Mortierellomycota,c__Mortierellomycetes,o__Mortierellales,f__Mortierellaceae,g__,s__
OTU_369,k__Fungi,p__Mortierellomycota,c__Mortierellomycetes,o__Mortierellales,f__Mortierellaceae,g__,s__
OTU_1581,k__Fungi,p__Mortierellomycota,c__Mortierellomycetes,o__Mortierellales,f__Mortierellaceae,g__,s__
OTU_424,k__Fungi,p__Mortierellomycota,c__Mortierellomycetes,o__Mortierellales,f__Mortierellaceae,g__Mortierella,s__Mortierella_humilis
OTU_1474,k__Fungi,p__Mortierellomycota,c__Mortierellomycetes,o__Mortierellales,f__Mortierellaceae,g__Mortierella,s__Mortierella_humilis
OTU_1461,k__Fungi,p__Mortierellomycota,c__Mortierellomycetes,o__Mortierellales,f__Mortierellaceae,g__,s__
OTU_304,k__Fungi,p__Mortierellomycota,c__Mortierellomycetes,o__Mortierellales,f__Mortierellaceae,g__,s__
OTU_611,k__Fungi,p__Mortierellomycota,c__Mortierellomycetes,o__Mortierellales,f__Mortierellaceae,g__Mortierella,s__Mortierella_humilis
OTU_328,k__Fungi,p__Mortierellomycota,c__Mortierellomycetes,o__Mortierellales,f__Mortierellaceae,g__Mortierella,s__Mortierella_globulifera
OTU_871,k__Fungi,p__Mortierellomycota,c__Mortierellomycetes,o__Mortierellales,f__Mortierellaceae,g__Mortierella,s__Mortierella_globulifera
OTU_767,k__Fungi,p__Mortierellomycota,c__Mortierellomycetes,o__Mortierellales,f__Mortierellaceae,g__Mortierella,s__Mortierella_globulifera
OTU_1096,k__Fungi,p__,c__,o__,f__,g__,s__
OTU_1608,k__Fungi,p__Mortierellomycota,c__Mortierellomycetes,o__Mortierellales,f__Mortierellaceae,g__Dissophora,s__Dissophora_ornata
OTU_39,k__Fungi,p__Mortierellomycota,c__Mortierellomycetes,o__Mortierellales,f__Mortierellaceae,g__Mortierella,s__Mortierella_sarnyensis
OTU_1284,k__Fungi,p__Mortierellomycota,c__Mortierellomycetes,o__Mortierellales,f__Mortierellaceae,g__Mortierella,s__Mortierella_sarnyensis
OTU_694,k__Fungi,p__Mortierellomycota,c__Mortierellomycetes,o__Mortierellales,f__Mortierellaceae,g__Mortierella,s__Mortierella_sarnyensis
OTU_1275,k__Fungi,p__Mortierellomycota,c__Mortierellomycetes,o__Mortierellales,f__Mortierellaceae,g__Mortierella,s__Mortierella_sarnyensis
OTU_3,k__Fungi,p__Mortierellomycota,c__Mortierellomycetes,o__Mortierellales,f__Mortierellaceae,g__Mortierella,s__Mortierella_sarnyensis
OTU_233,k__Fungi,p__Mortierellomycota,c__Mortierellomycetes,o__Mortierellales,f__Mortierellaceae,g__Mortierella,s__Mortierella_sarnyensis
OTU_1540,k__Fungi,p__Mortierellomycota,c__Mortierellomycetes,o__Mortierellales,f__Mortierellaceae,g__Mortierella,s__Mortierella_elongata
OTU_163,k__Fungi,p__,c__,o__,f__,g__,s__
OTU_1400,k__Fungi,p__,c__,o__,f__,g__,s__
OTU_1341,k__Fungi,p__,c__,o__,f__,g__,s__
OTU_1425,k__Fungi,p__,c__,o__,f__,g__,s__
OTU_487,k__Fungi,p__Mortierellomycota,c__Mortierellomycetes,o__Mortierellales,f__Mortierellaceae,g__Mortierella,s__Mortierella_globulifera
OTU_1148,k__Fungi,p__,c__,o__,f__,g__,s__
OTU_733,k__Fungi,p__Mortierellomycota,c__Mortierellomycetes,o__Mortierellales,f__Mortierellaceae,g__Mortierella,s__Mortierella_sarnyensis
OTU_913,k__Fungi,p__Mortierellomycota,c__Mortierellomycetes,o__Mortierellales,f__Mortierellaceae,g__Mortierella,s__Mortierella_sarnyensis
OTU_1060,k__Fungi,p__Mortierellomycota,c__Mortierellomycetes,o__Mortierellales,f__Mortierellaceae,g__Mortierella,s__Mortierella_sarnyensis
OTU_1188,k__Fungi,p__Mortierellomycota,c__Mortierellomycetes,o__Mortierellales,f__Mortierellaceae,g__Mortierella,s__Mortierella_sarnyensis
OTU_527,k__Fungi,p__Mortierellomycota,c__Mortierellomycetes,o__Mortierellales,f__Mortierellaceae,g__Mortierella,s__Mortierella_sarnyensis
OTU_280,k__Fungi,p__Mortierellomycota,c__Mortierellomycetes,o__Mortierellales,f__Mortierellaceae,g__Mortierella,s__Mortierella_sarnyensis
OTU_1252,k__Fungi,p__Mortierellomycota,c__Mortierellomycetes,o__Mortierellales,f__Mortierellaceae,g__Mortierella,s__Mortierella_sarnyensis
OTU_672,k__Fungi,p__Mortierellomycota,c__Mortierellomycetes,o__Mortierellales,f__Mortierellaceae,g__Mortierella,s__Mortierella_sarnyensis
OTU_1270,k__Fungi,p__,c__,o__,f__,g__,s__
OTU_1410,k__Fungi,p__Mortierellomycota,c__Mortierellomycetes,o__Mortierellales,f__Mortierellaceae,g__Mortierella,s__Mortierella_exigua
OTU_441,k__Fungi,p__,c__,o__,f__,g__,s__
OTU_1307,k__Fungi,p__,c__,o__,f__,g__,s__
OTU_1297,k__Fungi,p__,c__,o__,f__,g__,s__
OTU_1497,k__Fungi,p__Mortierellomycota,c__Mortierellomycetes,o__Mortierellales,f__,g__,s__
OTU_2,k__Fungi,p__,c__,o__,f__,g__,s__
OTU_1639,k__Fungi,p__,c__,o__,f__,g__,s__
OTU_777,k__Fungi,p__,c__,o__,f__,g__,s__
OTU_1259,k__Fungi,p__,c__,o__,f__,g__,s__
OTU_738,k__Fungi,p__,c__,o__,f__,g__,s__
OTU_1076,k__Fungi,p__,c__,o__,f__,g__,s__
OTU_687,k__Fungi,p__Mortierellomycota,c__Mortierellomycetes,o__Mortierellales,f__Mortierellaceae,g__Mortierella,s__Mortierella_exigua
OTU_242,k__Fungi,p__,c__,o__,f__,g__,s__
OTU_336,k__Fungi,p__,c__,o__,f__,g__,s__
OTU_264,k__Fungi,p__,c__,o__,f__,g__,s__
OTU_510,k__Fungi,p__Mortierellomycota,c__Mortierellomycetes,o__Mortierellales,f__Mortierellaceae,g__,s__
OTU_1366,k__Fungi,p__Mortierellomycota,c__Mortierellomycetes,o__Mortierellales,f__Mortierellaceae,g__Mortierella,s__Mortierella_longigemmata
OTU_704,k__Fungi,p__Mortierellomycota,c__Mortierellomycetes,o__Mortierellales,f__Mortierellaceae,g__Mortierella,s__Mortierella_exigua
OTU_613,k__Fungi,p__Mortierellomycota,c__Mortierellomycetes,o__Mortierellales,f__Mortierellaceae,g__Mortierella,s__Mortierella_exigua
OTU_1573,k__Fungi,p__,c__,o__,f__,g__,s__
OTU_1615,k__Fungi,p__,c__,o__,f__,g__,s__
OTU_1656,k__Fungi,p__Mortierellomycota,c__Mortierellomycetes,o__Mortierellales,f__Mortierellaceae,g__Mortierella,s__Mortierella_exigua
OTU_550,k__Fungi,p__Mortierellomycota,c__Mortierellomycetes,o__Mortierellales,f__Mortierellaceae,g__Mortierella,s__Mortierella_longigemmata
OTU_157,k__Fungi,p__Mortierellomycota,c__Mortierellomycetes,o__Mortierellales,f__Mortierellaceae,g__,s__
OTU_262,k__Fungi,p__Mortierellomycota,c__Mortierellomycetes,o__Mortierellales,f__Mortierellaceae,g__Mortierella,s__Mortierella_longigemmata
OTU_1337,k__Fungi,p__Mortierellomycota,c__Mortierellomycetes,o__Mortierellales,f__Mortierellaceae,g__Mortierella,s__Mortierella_longigemmata
OTU_194,k__Fungi,p__Mortierellomycota,c__Mortierellomycetes,o__Mortierellales,f__Mortierellaceae,g__Mortierella,s__Mortierella_longigemmata
OTU_1574,k__Fungi,p__,c__,o__,f__,g__,s__
OTU_1094,k__Fungi,p__,c__,o__,f__,g__,s__
OTU_1576,k__Fungi,p__,c__,o__,f__,g__,s__
OTU_214,k__Fungi,p__,c__,o__,f__,g__,s__
OTU_1561,k__Fungi,p__,c__,o__,f__,g__,s__
OTU_1194,k__Fungi,p__,c__,o__,f__,g__,s__
OTU_1164,k__Fungi,p__,c__,o__,f__,g__,s__
OTU_957,k__Fungi,p__Mortierellomycota,c__Mortierellomycetes,o__Mortierellales,f__Mortierellaceae,g__Mortierella,s__Mortierella_elongata
OTU_1081,k__Fungi,p__,c__,o__,f__,g__,s__
OTU_1185,k__Fungi,p__,c__,o__,f__,g__,s__
OTU_996,k__Fungi,p__,c__,o__,f__,g__,s__
OTU_8,k__Fungi,p__,c__,o__,f__,g__,s__
OTU_571,k__Fungi,p__Mortierellomycota,c__Mortierellomycetes,o__Mortierellales,f__Mortierellaceae,g__Mortierella,s__Mortierella_exigua
OTU_470,k__Fungi,p__Mortierellomycota,c__Mortierellomycetes,o__Mortierellales,f__Mortierellaceae,g__Mortierella,s__Mortierella_fatshederae
OTU_409,k__Fungi,p__Mortierellomycota,c__Mortierellomycetes,o__Mortierellales,f__Mortierellaceae,g__,s__
OTU_1584,k__Fungi,p__Mortierellomycota,c__Mortierellomycetes,o__Mortierellales,f__Mortierellaceae,g__Mortierella,s__Mortierella_sarnyensis
OTU_174,k__Fungi,p__,c__,o__,f__,g__,s__
OTU_785,k__Fungi,p__Mortierellomycota,c__Mortierellomycetes,o__Mortierellales,f__Mortierellaceae,g__Mortierella,s__Mortierella_humilis
OTU_639,k__Fungi,p__Mortierellomycota,c__Mortierellomycetes,o__Mortierellales,f__Mortierellaceae,g__Mortierella,s__Mortierella_longigemmata
OTU_320,k__Fungi,p__Mortierellomycota,c__Mortierellomycetes,o__Mortierellales,f__Mortierellaceae,g__Mortierella,s__Mortierella_humilis
OTU_197,k__Fungi,p__Mortierellomycota,c__Mortierellomycetes,o__Mortierellales,f__Mortierellaceae,g__Mortierella,s__Mortierella_humilis
OTU_478,k__Fungi,p__Mortierellomycota,c__Mortierellomycetes,o__Mortierellales,f__Mortierellaceae,g__,s__
OTU_4,k__Fungi,p__Mortierellomycota,c__Mortierellomycetes,o__Mortierellales,f__Mortierellaceae,g__,s__
OTU_513,k__Fungi,p__Mortierellomycota,c__Mortierellomycetes,o__Mortierellales,f__Mortierellaceae,g__Mortierella,s__Mortierella_humilis
OTU_903,k__Fungi,p__Mortierellomycota,c__Mortierellomycetes,o__Mortierellales,f__Mortierellaceae,g__Mortierella,s__Mortierella_humilis
OTU_410,k__Fungi,p__Mortierellomycota,c__Mortierellomycetes,o__Mortierellales,f__Mortierellaceae,g__,s__
OTU_1643,k__Fungi,p__Mortierellomycota,c__Mortierellomycetes,o__Mortierellales,f__Mortierellaceae,g__,s__
OTU_251,k__Fungi,p__Mortierellomycota,c__Mortierellomycetes,o__Mortierellales,f__Mortierellaceae,g__,s__
OTU_823,k__Fungi,p__Mortierellomycota,c__Mortierellomycetes,o__Mortierellales,f__Mortierellaceae,g__Mortierella,s__Mortierella_sarnyensis
OTU_1,k__Fungi,p__Mortierellomycota,c__Mortierellomycetes,o__Mortierellales,f__Mortierellaceae,g__Mortierella,s__Mortierella_humilis
OTU_371,k__Fungi,p__Mortierellomycota,c__Mortierellomycetes,o__Mortierellales,f__Mortierellaceae,g__Mortierella,s__Mortierella_humilis
OTU_798,k__Fungi,p__Mortierellomycota,c__Mortierellomycetes,o__Mortierellales,f__Mortierellaceae,g__Mortierella,s__Mortierella_humilis
OTU_253,k__Fungi,p__Mortierellomycota,c__Mortierellomycetes,o__Mortierellales,f__Mortierellaceae,g__Mortierella,s__Mortierella_humilis
OTU_1374,k__Fungi,p__Mortierellomycota,c__Mortierellomycetes,o__Mortierellales,f__Mortierellaceae,g__Mortierella,s__Mortierella_globulifera
OTU_1521,k__Fungi,p__Mortierellomycota,c__Mortierellomycetes,o__Mortierellales,f__Mortierellaceae,g__Mortierella,s__Mortierella_humilis
OTU_830,k__Fungi,p__Mortierellomycota,c__Mortierellomycetes,o__Mortierellales,f__Mortierellaceae,g__Mortierella,s__Mortierella_humilis
OTU_667,k__Fungi,p__Mortierellomycota,c__Mortierellomycetes,o__Mortierellales,f__Mortierellaceae,g__Mortierella,s__Mortierella_alpina
OTU_1654,k__Fungi,p__Mortierellomycota,c__Mortierellomycetes,o__Mortierellales,f__Mortierellaceae,g__,s__
OTU_1331,k__Fungi,p__Mortierellomycota,c__Mortierellomycetes,o__Mortierellales,f__Mortierellaceae,g__Mortierella,s__Mortierella_humilis
OTU_1050,k__Fungi,p__Mortierellomycota,c__Mortierellomycetes,o__Mortierellales,f__Mortierellaceae,g__,s__
OTU_632,k__Fungi,p__,c__,o__,f__,g__,s__
OTU_560,k__Fungi,p__Mortierellomycota,c__Mortierellomycetes,o__Mortierellales,f__Mortierellaceae,g__Mortierella,s__Mortierella_macrocystopsis
OTU_641,k__Fungi,p__Mortierellomycota,c__Mortierellomycetes,o__Mortierellales,f__Mortierellaceae,g__Mortierella,s__Mortierella_humilis
OTU_48,k__Fungi,p__Mortierellomycota,c__Mortierellomycetes,o__Mortierellales,f__,g__,s__
OTU_485,k__Fungi,p__Mortierellomycota,c__Mortierellomycetes,o__Mortierellales,f__Mortierellaceae,g__Mortierella,s__Mortierella_humilis
OTU_400,k__Fungi,p__Mortierellomycota,c__Mortierellomycetes,o__Mortierellales,f__Mortierellaceae,g__Mortierella,s__Mortierella_humilis
OTU_1655,k__Fungi,p__Mortierellomycota,c__Mortierellomycetes,o__Mortierellales,f__Mortierellaceae,g__Mortierella,s__Mortierella_pulchella
OTU_1443,k__Fungi,p__Mortierellomycota,c__Mortierellomycetes,o__Mortierellales,f__Mortierellaceae,g__Mortierella,s__Mortierella_elongata
OTU_594,k__Fungi,p__,c__,o__,f__,g__,s__
OTU_212,k__Fungi,p__Mortierellomycota,c__Mortierellomycetes,o__Mortierellales,f__Mortierellaceae,g__,s__
OTU_558,k__Fungi,p__Mortierellomycota,c__Mortierellomycetes,o__Mortierellales,f__Mortierellaceae,g__,s__
OTU_190,k__Fungi,p__Mortierellomycota,c__Mortierellomycetes,o__Mortierellales,f__Mortierellaceae,g__Mortierella,s__Mortierella_macrocystopsis
OTU_1525,k__Fungi,p__Mortierellomycota,c__Mortierellomycetes,o__Mortierellales,f__Mortierellaceae,g__Mortierella,s__Mortierella_fimbricystis
OTU_1631,k__Fungi,p__,c__,o__,f__,g__,s__
OTU_58,k__Fungi,p__,c__,o__,f__,g__,s__
OTU_1598,k__Fungi,p__,c__,o__,f__,g__,s__
OTU_569,k__Fungi,p__Mortierellomycota,c__Mortierellomycetes,o__Mortierellales,f__Mortierellaceae,g__Mortierella,s__Mortierella_hyalina
OTU_37,k__Fungi,p__Mortierellomycota,c__Mortierellomycetes,o__Mortierellales,f__Mortierellaceae,g__Mortierella,s__Mortierella_hyalina
OTU_1602,k__Fungi,p__Mortierellomycota,c__Mortierellomycetes,o__Mortierellales,f__,g__,s__
OTU_403,k__Fungi,p__,c__,o__,f__,g__,s__
OTU_915,k__Fungi,p__Glomeromycota,c__Glomeromycetes,o__Glomerales,f__,g__,s__
OTU_793,k__Fungi,p__Glomeromycota,c__Glomeromycetes,o__Glomerales,f__Glomeraceae,g__,s__
OTU_946,k__Fungi,p__Glomeromycota,c__,o__,f__,g__,s__
OTU_657,k__Fungi,p__Glomeromycota,c__Glomeromycetes,o__Glomerales,f__Glomeraceae,g__,s__
OTU_929,k__Fungi,p__Glomeromycota,c__Glomeromycetes,o__Glomerales,f__Glomeraceae,g__,s__
OTU_1048,k__Fungi,p__Glomeromycota,c__Glomeromycetes,o__Glomerales,f__Glomeraceae,g__,s__
OTU_1594,k__Fungi,p__Glomeromycota,c__Glomeromycetes,o__Glomerales,f__Glomeraceae,g__,s__
OTU_610,k__Fungi,p__Chytridiomycota,c__,o__,f__,g__,s__
OTU_535,k__Fungi,p__Glomeromycota,c__Glomeromycetes,o__Glomerales,f__Glomeraceae,g__,s__
OTU_518,k__Fungi,p__Kickxellomycota,c__Kickxellomycetes,o__Kickxellales,f__Kickxellaceae,g__Ramicandelaber,s__Ramicandelaber_longisporus
OTU_998,k__Fungi,p__Kickxellomycota,c__Kickxellomycetes,o__Kickxellales,f__Kickxellaceae,g__Ramicandelaber,s__Ramicandelaber_longisporus
OTU_137,k__Fungi,p__Basidiomycota,c__Agaricomycetes,o__Boletales,f__,g__,s__
OTU_1135,k__Fungi,p__Basidiomycota,c__Cystobasidiomycetes,o__Erythrobasidiales,f__Erythrobasidiales_fam_Incertae_sedis,g__Sakaguchia,s__Sakaguchia_lamellibrachiae
OTU_821,k__Fungi,p__Ascomycota,c__Xylonomycetes,o__Xylonomycetales,f__Xylonomycetales_fam_Incertae_sedis,g__Symbiotaphrina,s__Symbiotaphrina_buchneri
OTU_1493,k__Fungi,p__Basidiomycota,c__Agaricomycetes,o__Agaricales,f__Tricholomataceae,g__Omphalina,s__Omphalina_rivulicola
OTU_128,k__Fungi,p__Ascomycota,c__Xylonomycetes,o__Xylonomycetales,f__Xylonomycetales_fam_Incertae_sedis,g__Symbiotaphrina,s__Symbiotaphrina_kochii
OTU_196,k__Fungi,p__Ascomycota,c__Xylonomycetes,o__Xylonomycetales,f__Xylonomycetales_fam_Incertae_sedis,g__Symbiotaphrina,s__Symbiotaphrina_kochii
OTU_1240,k__Fungi,p__Ascomycota,c__Xylonomycetes,o__Xylonomycetales,f__Xylonomycetales_fam_Incertae_sedis,g__Symbiotaphrina,s__Symbiotaphrina_buchneri
OTU_206,k__Fungi,p__Ascomycota,c__Xylonomycetes,o__Xylonomycetales,f__Xylonomycetales_fam_Incertae_sedis,g__Symbiotaphrina,s__Symbiotaphrina_kochii
OTU_899,k__Fungi,p__Basidiomycota,c__Agaricomycetes,o__Agaricales,f__Inocybaceae,g__Inocybe,s__Inocybe_assimilata
OTU_68,k__Fungi,p__Mucoromycota,c__Mucoromycetes,o__Mucorales,f__Lichtheimiaceae,g__Rhizomucor,s__Rhizomucor_miehei
OTU_271,k__Fungi,p__,c__,o__,f__,g__,s__
OTU_223,k__Fungi,p__Ascomycota,c__,o__,f__,g__,s__
OTU_348,k__Fungi,p__Ascomycota,c__,o__,f__,g__,s__
OTU_286,k__Fungi,p__Ascomycota,c__,o__,f__,g__,s__
OTU_810,k__Fungi,p__Ascomycota,c__,o__,f__,g__,s__
OTU_287,k__Fungi,p__Ascomycota,c__,o__,f__,g__,s__
OTU_1511,k__Fungi,p__Ascomycota,c__,o__,f__,g__,s__
OTU_179,k__Fungi,p__Ascomycota,c__,o__,f__,g__,s__
OTU_559,k__Fungi,p__Ascomycota,c__,o__,f__,g__,s__
OTU_1622,k__Fungi,p__,c__,o__,f__,g__,s__
OTU_312,k__Fungi,p__,c__,o__,f__,g__,s__
OTU_427,k__Fungi,p__,c__,o__,f__,g__,s__
OTU_1557,k__Fungi,p__,c__,o__,f__,g__,s__
OTU_240,k__Fungi,p__Rozellomycota,c__,o__,f__,g__,s__
OTU_529,k__Fungi,p__Basidiomycota,c__,o__,f__,g__,s__
OTU_1630,k__Fungi,p__,c__,o__,f__,g__,s__
OTU_1571,k__Fungi,p__Rozellomycota,c__Rozellomycota_cls_Incertae_sedis,o__Rozellomycota_ord_Incertae_seids,f__Rozellomycota_fam_Incertae_sedis,g__Paramicrosporidium,s__Paramicrosporidium_saccamoebae
OTU_735,k__Fungi,p__Rozellomycota,c__,o__,f__,g__,s__
OTU_80,k__Fungi,p__Ascomycota,c__Saccharomycetes,o__Saccharomycetales,f__Saccharomycetales_fam_Incertae_sedis,g__Candida,s__Candida_etchellsii
OTU_994,k__Fungi,p__Rozellomycota,c__,o__,f__,g__,s__
OTU_603,k__Fungi,p__Ascomycota,c__Sordariomycetes,o__Sordariales,f__Cephalothecaceae,g__Cephalotheca,s__Cephalotheca_purpurea
OTU_819,k__Fungi,p__Rozellomycota,c__,o__,f__,g__,s__
OTU_615,k__Fungi,p__Ascomycota,c__Xylonomycetes,o__Xylonomycetales,f__Xylonomycetales_fam_Incertae_sedis,g__Symbiotaphrina,s__Symbiotaphrina_buchneri
OTU_756,k__Fungi,p__Rozellomycota,c__,o__,f__,g__,s__
OTU_589,k__Fungi,p__Rozellomycota,c__,o__,f__,g__,s__
OTU_1532,k__Fungi,p__Rozellomycota,c__,o__,f__,g__,s__
OTU_1610,k__Fungi,p__,c__,o__,f__,g__,s__
OTU_178,k__Fungi,p__,c__,o__,f__,g__,s__
OTU_501,k__Fungi,p__Rozellomycota,c__Rozellomycota_cls_Incertae_sedis,o__GS11,f__,g__,s__
OTU_889,k__Fungi,p__Rozellomycota,c__Rozellomycota_cls_Incertae_sedis,o__GS11,f__,g__,s__
OTU_888,k__Fungi,p__Ascomycota,c__,o__,f__,g__,s__
OTU_136,k__Fungi,p__Rozellomycota,c__,o__,f__,g__,s__
OTU_1543,k__Fungi,p__Rozellomycota,c__Rozellomycota_cls_Incertae_sedis,o__GS11,f__,g__,s__
OTU_1673,k__Fungi,p__Rozellomycota,c__Rozellomycota_cls_Incertae_sedis,o__GS11,f__,g__,s__
OTU_171,k__Fungi,p__Rozellomycota,c__Rozellomycota_cls_Incertae_sedis,o__GS11,f__,g__,s__
OTU_425,k__Fungi,p__Rozellomycota,c__Rozellomycota_cls_Incertae_sedis,o__GS11,f__,g__,s__
OTU_1234,k__Fungi,p__Rozellomycota,c__Rozellomycota_cls_Incertae_sedis,o__GS11,f__,g__,s__
OTU_125,k__Fungi,p__Rozellomycota,c__Rozellomycota_cls_Incertae_sedis,o__GS11,f__,g__,s__
OTU_500,k__Fungi,p__Rozellomycota,c__Rozellomycota_cls_Incertae_sedis,o__GS11,f__,g__,s__
OTU_1551,k__Fungi,p__Rozellomycota,c__Rozellomycota_cls_Incertae_sedis,o__GS11,f__,g__,s__
OTU_57,k__Fungi,p__Rozellomycota,c__Rozellomycota_cls_Incertae_sedis,o__GS11,f__,g__,s__
OTU_1499,k__Fungi,p__Rozellomycota,c__Rozellomycota_cls_Incertae_sedis,o__GS11,f__,g__,s__
OTU_90,k__Fungi,p__Rozellomycota,c__Rozellomycota_cls_Incertae_sedis,o__GS11,f__,g__,s__
OTU_54,k__Fungi,p__Rozellomycota,c__Rozellomycota_cls_Incertae_sedis,o__GS11,f__,g__,s__
OTU_104,k__Fungi,p__Rozellomycota,c__Rozellomycota_cls_Incertae_sedis,o__GS11,f__,g__,s__
OTU_576,k__Fungi,p__Rozellomycota,c__Rozellomycota_cls_Incertae_sedis,o__GS11,f__,g__,s__
OTU_417,k__Fungi,p__Rozellomycota,c__Rozellomycota_cls_Incertae_sedis,o__GS10,f__,g__,s__
OTU_842,k__Fungi,p__Rozellomycota,c__Rozellomycota_cls_Incertae_sedis,o__GS10,f__,g__,s__
OTU_290,k__Fungi,p__Rozellomycota,c__Rozellomycota_cls_Incertae_sedis,o__GS10,f__,g__,s__
OTU_532,k__Fungi,p__Rozellomycota,c__Rozellomycota_cls_Incertae_sedis,o__GS10,f__,g__,s__
OTU_834,k__Fungi,p__Rozellomycota,c__Rozellomycota_cls_Incertae_sedis,o__GS10,f__,g__,s__
OTU_14,k__Fungi,p__Rozellomycota,c__Rozellomycota_cls_Incertae_sedis,o__GS10,f__,g__,s__
OTU_1184,k__Fungi,p__Rozellomycota,c__Rozellomycota_cls_Incertae_sedis,o__GS10,f__,g__,s__
OTU_71,k__Fungi,p__Rozellomycota,c__Rozellomycota_cls_Incertae_sedis,o__GS10,f__,g__,s__
OTU_134,k__Fungi,p__Rozellomycota,c__Rozellomycota_cls_Incertae_sedis,o__GS10,f__,g__,s__
OTU_51,k__Fungi,p__Rozellomycota,c__Rozellomycota_cls_Incertae_sedis,o__GS10,f__,g__,s__
OTU_1638,k__Fungi,p__Rozellomycota,c__Rozellomycota_cls_Incertae_sedis,o__GS10,f__,g__,s__
OTU_76,k__Fungi,p__Rozellomycota,c__Rozellomycota_cls_Incertae_sedis,o__GS10,f__,g__,s__
OTU_112,k__Fungi,p__Rozellomycota,c__Rozellomycota_cls_Incertae_sedis,o__GS10,f__,g__,s__
OTU_1635,k__Fungi,p__Rozellomycota,c__Rozellomycota_cls_Incertae_sedis,o__GS10,f__,g__,s__
OTU_1153,k__Fungi,p__Rozellomycota,c__Rozellomycota_cls_Incertae_sedis,o__GS10,f__,g__,s__
OTU_69,k__Fungi,p__Rozellomycota,c__Rozellomycota_cls_Incertae_sedis,o__GS10,f__,g__,s__
OTU_1590,k__Fungi,p__Rozellomycota,c__Rozellomycota_cls_Incertae_sedis,o__GS10,f__,g__,s__
OTU_1592,k__Fungi,p__Rozellomycota,c__Rozellomycota_cls_Incertae_sedis,o__GS10,f__,g__,s__
OTU_113,k__Fungi,p__Rozellomycota,c__Rozellomycota_cls_Incertae_sedis,o__GS10,f__,g__,s__
OTU_248,k__Fungi,p__Rozellomycota,c__Rozellomycota_cls_Incertae_sedis,o__GS10,f__,g__,s__
OTU_324,k__Fungi,p__Rozellomycota,c__Rozellomycota_cls_Incertae_sedis,o__GS10,f__,g__,s__
OTU_975,k__Fungi,p__Glomeromycota,c__Glomeromycetes,o__Diversisporales,f__Diversisporaceae,g__,s__
OTU_85,k__Fungi,p__Basidiomycota,c__Agaricomycetes,o__Russulales,f__Podoscyphaceae,g__Podoscypha,s__Podoscypha_involuta
OTU_155,k__Fungi,p__Ascomycota,c__Xylonomycetes,o__Xylonomycetales,f__Xylonomycetales_fam_Incertae_sedis,g__Symbiotaphrina,s__Symbiotaphrina_buchneri
OTU_557,k__Fungi,p__,c__,o__,f__,g__,s__
OTU_205,k__Fungi,p__Basidiomycota,c__Agaricomycetes,o__Polyporales,f__Coriolaceae,g__Antrodiella,s__Antrodiella_brasiliensis
OTU_1679,k__Fungi,p__Ascomycota,c__Xylonomycetes,o__Xylonomycetales,f__Xylonomycetales_fam_Incertae_sedis,g__Symbiotaphrina,s__Symbiotaphrina_buchneri
OTU_1664,k__Fungi,p__Mucoromycota,c__Endogonomycetes,o__Endogonales,f__Endogonaceae,g__Densospora,s__
OTU_885,k__Fungi,p__Chytridiomycota,c__GS14,o__,f__,g__,s__
OTU_63,k__Fungi,p__Ascomycota,c__Saccharomycetes,o__Saccharomycetales,f__Phaffomycetaceae,g__Wickerhamomyces,s__Wickerhamomyces_anomalus
OTU_467,k__Fungi,p__Ascomycota,c__Saccharomycetes,o__Saccharomycetales,f__Debaryomycetaceae,g__Hyphopichia,s__Hyphopichia_burtonii
OTU_593,k__Fungi,p__,c__,o__,f__,g__,s__
OTU_258,k__Fungi,p__Ascomycota,c__Saccharomycetes,o__Saccharomycetales,f__Dipodascaceae,g__,s__
OTU_1312,k__Fungi,p__,c__,o__,f__,g__,s__
OTU_746,k__Fungi,p__Rozellomycota,c__Rozellomycota_cls_Incertae_sedis,o__GS02,f__,g__,s__
OTU_865,k__Fungi,p__Mucoromycota,c__Mucoromycetes,o__Mucorales,f__Rhizopodaceae,g__Rhizopus,s__Rhizopus_arrhizus
OTU_44,k__Fungi,p__Mucoromycota,c__Mucoromycetes,o__Mucorales,f__Rhizopodaceae,g__Rhizopus,s__Rhizopus_arrhizus
OTU_1566,k__Fungi,p__Mucoromycota,c__Mucoromycetes,o__Mucorales,f__Rhizopodaceae,g__Rhizopus,s__Rhizopus_arrhizus
OTU_300,k__Fungi,p__Mucoromycota,c__Mucoromycetes,o__Mucorales,f__Rhizopodaceae,g__Rhizopus,s__Rhizopus_microsporus
OTU_533,k__Fungi,p__Mucoromycota,c__Mucoromycetes,o__Mucorales,f__Rhizopodaceae,g__Rhizopus,s__Rhizopus_microsporus
OTU_49,k__Fungi,p__Mucoromycota,c__Mucoromycetes,o__Mucorales,f__Mucoraceae,g__Zygorhynchus,s__
OTU_368,k__Fungi,p__Mucoromycota,c__Mucoromycetes,o__Mucorales,f__Mucoraceae,g__Mucor,s__Mucor_hiemalis
OTU_323,k__Fungi,p__Mucoromycota,c__Mucoromycetes,o__Mucorales,f__Mucoraceae,g__Mucor,s__Mucor_circinelloides
OTU_1212,k__Fungi,p__Mucoromycota,c__Mucoromycetes,o__Mucorales,f__Mucoraceae,g__Mucor,s__Mucor_circinelloides
OTU_1678,k__Fungi,p__Glomeromycota,c__,o__,f__,g__,s__
OTU_1539,k__Fungi,p__Mucoromycota,c__Endogonomycetes,o__Endogonales,f__,g__,s__
OTU_887,k__Fungi,p__Mucoromycota,c__Endogonomycetes,o__Endogonales,f__,g__,s__
OTU_1546,k__Fungi,p__Mucoromycota,c__Endogonomycetes,o__Endogonales,f__,g__,s__
OTU_1533,k__Fungi,p__Rozellomycota,c__Rozellomycota_cls_Incertae_sedis,o__GS05,f__,g__,s__
OTU_490,k__Fungi,p__Rozellomycota,c__Rozellomycota_cls_Incertae_sedis,o__GS08,f__,g__,s__
OTU_1559,k__Fungi,p__,c__,o__,f__,g__,s__
OTU_344,k__Fungi,p__,c__,o__,f__,g__,s__
OTU_325,k__Fungi,p__Ascomycota,c__Lecanoromycetes,o__Lecanorales,f__Parmeliaceae,g__Anzia,s__Anzia_japonica
OTU_840,k__Fungi,p__,c__,o__,f__,g__,s__
OTU_1669,k__Fungi,p__Ascomycota,c__Xylonomycetes,o__Xylonomycetales,f__Xylonomycetales_fam_Incertae_sedis,g__Symbiotaphrina,s__Symbiotaphrina_kochii
OTU_1620,k__Fungi,p__Ascomycota,c__Xylonomycetes,o__Xylonomycetales,f__Xylonomycetales_fam_Incertae_sedis,g__Symbiotaphrina,s__Symbiotaphrina_kochii
OTU_804,k__Fungi,p__Ascomycota,c__Xylonomycetes,o__Xylonomycetales,f__Xylonomycetales_fam_Incertae_sedis,g__Symbiotaphrina,s__Symbiotaphrina_buchneri
OTU_1582,k__Fungi,p__Basidiomycota,c__Agaricomycetes,o__Boletales,f__,g__,s__
OTU_825,k__Fungi,p__,c__,o__,f__,g__,s__
OTU_96,k__Fungi,p__,c__,o__,f__,g__,s__
OTU_221,k__Fungi,p__Ascomycota,c__,o__,f__,g__,s__
OTU_799,k__Fungi,p__Ascomycota,c__Sordariomycetes,o__Hypocreales,f__Niessliaceae,g__Eucasphaeria,s__Eucasphaeria_capensis
OTU_1604,k__Fungi,p__Mucoromycota,c__Endogonomycetes,o__Endogonales,f__Endogonaceae,g__Densospora,s__
OTU_462,k__Fungi,p__Ascomycota,c__Sordariomycetes,o__,f__,g__,s__
OTU_84,k__Fungi,p__Chytridiomycota,c__,o__,f__,g__,s__
OTU_414,k__Fungi,p__Mucoromycota,c__Endogonomycetes,o__GS22,f__,g__,s__
OTU_720,k__Fungi,p__Glomeromycota,c__Glomeromycetes,o__Glomerales,f__Glomeraceae,g__,s__
OTU_1668,k__Fungi,p__Glomeromycota,c__Glomeromycetes,o__Glomerales,f__Glomeraceae,g__,s__
OTU_539,k__Fungi,p__Rozellomycota,c__Rozellomycota_cls_Incertae_sedis,o__GS11,f__,g__,s__
OTU_805,k__Fungi,p__Glomeromycota,c__Glomeromycetes,o__Diversisporales,f__Diversisporaceae,g__,s__
OTU_53,k__Fungi,p__Ascomycota,c__Saccharomycetes,o__Saccharomycetales,f__Saccharomycetales_fam_Incertae_sedis,g__Candida,s__Candida_xylopsoci
OTU_152,k__Fungi,p__Ascomycota,c__Saccharomycetes,o__Saccharomycetales,f__,g__,s__
OTU_73,k__Fungi,p__Ascomycota,c__Saccharomycetes,o__Saccharomycetales,f__Pichiaceae,g__Pichia,s__Pichia_barkeri
OTU_1558,k__Fungi,p__Ascomycota,c__Saccharomycetes,o__Saccharomycetales,f__Saccharomycetaceae,g__Issatchenkia,s__Issatchenkia_orientalis
OTU_1549,k__Fungi,p__Ascomycota,c__,o__,f__,g__,s__
OTU_752,k__Fungi,p__Ascomycota,c__Orbiliomycetes,o__GS33,f__,g__,s__
OTU_826,k__Fungi,p__Ascomycota,c__Orbiliomycetes,o__GS33,f__,g__,s__
OTU_145,k__Fungi,p__Ascomycota,c__Saccharomycetes,o__Saccharomycetales,f__Saccharomycetaceae,g__Zygosaccharomyces,s__Zygosaccharomyces_rouxii
OTU_1130,k__Fungi,p__Ascomycota,c__Pezizomycetes,o__,f__,g__,s__
OTU_844,k__Fungi,p__Ascomycota,c__,o__,f__,g__,s__
OTU_486,k__Fungi,p__Ascomycota,c__Orbiliomycetes,o__Orbiliales,f__Orbiliaceae,g__,s__
OTU_684,k__Fungi,p__Ascomycota,c__Orbiliomycetes,o__Orbiliales,f__Orbiliaceae,g__,s__
OTU_191,k__Fungi,p__Ascomycota,c__Orbiliomycetes,o__Orbiliales,f__Orbiliaceae,g__,s__
OTU_358,k__Fungi,p__Ascomycota,c__Orbiliomycetes,o__Orbiliales,f__,g__,s__
OTU_326,k__Fungi,p__Ascomycota,c__Saccharomycetes,o__Saccharomycetales,f__Saccharomycetaceae,g__Naumovozyma,s__Naumovozyma_baii
